server\data\chara\FBZ\FBZ.amk, \data\chara\FBZ\FBZ.amk, 0, Uncompress
server\data\chara\FBZ\FBZ.bcs, \data\chara\FBZ\FBZ.bcs, 1, Uncompress
server\data\chara\FBZ\FBZ.cam.ean, \data\chara\FBZ\FBZ.cam.ean, 2, Uncompress
server\data\chara\FBZ\FBZ.ean, \data\chara\FBZ\FBZ.ean, 3, Uncompress
server\data\chara\FBZ\FBZ.fce.ean, \data\chara\FBZ\FBZ.fce.ean, 4, Uncompress
server\data\chara\FBZ\FBZ_000.esk, \data\chara\FBZ\FBZ_000.esk, 5, Uncompress
server\data\chara\FBZ\FBZ_000_Bust.dyt.emb, \data\chara\FBZ\FBZ_000_Bust.dyt.emb, 6, Uncompress
server\data\chara\FBZ\FBZ_000_Bust.emb, \data\chara\FBZ\FBZ_000_Bust.emb, 7, Uncompress
server\data\chara\FBZ\FBZ_000_Bust.emd, \data\chara\FBZ\FBZ_000_Bust.emd, 8, Uncompress
server\data\chara\FBZ\FBZ_000_Bust.emm, \data\chara\FBZ\FBZ_000_Bust.emm, 9, Uncompress
server\data\chara\FBZ\FBZ_000_Face_eye.dyt.emb, \data\chara\FBZ\FBZ_000_Face_eye.dyt.emb, 10, Uncompress
server\data\chara\FBZ\FBZ_000_Face_eye.emb, \data\chara\FBZ\FBZ_000_Face_eye.emb, 11, Uncompress
server\data\chara\FBZ\FBZ_000_Face_eye.emd, \data\chara\FBZ\FBZ_000_Face_eye.emd, 12, Uncompress
server\data\chara\FBZ\FBZ_000_Face_eye.emm, \data\chara\FBZ\FBZ_000_Face_eye.emm, 13, Uncompress
server\data\chara\FBZ\FBZ_000_Rist.dyt.emb, \data\chara\FBZ\FBZ_000_Rist.dyt.emb, 14, Uncompress
server\data\chara\FBZ\FBZ_000_Rist.emb, \data\chara\FBZ\FBZ_000_Rist.emb, 15, Uncompress
server\data\chara\FBZ\FBZ_000_Rist.emd, \data\chara\FBZ\FBZ_000_Rist.emd, 16, Uncompress
server\data\chara\FBZ\FBZ_000_Rist.emm, \data\chara\FBZ\FBZ_000_Rist.emm, 17, Uncompress
server\data\chara\FBZ\FBZ_PLAYER.bac, \data\chara\FBZ\FBZ_PLAYER.bac, 18, Uncompress
server\data\chara\FBZ\FBZ_PLAYER.bcm, \data\chara\FBZ\FBZ_PLAYER.bcm, 19, Uncompress
server\data\chara\FBZ\FBZ_PLAYER.bdm, \data\chara\FBZ\FBZ_PLAYER.bdm, 20, Uncompress
server\data\chara\FBZ\FBZ_TTL.aic, \data\chara\FBZ\FBZ_TTL.aic, 21, Uncompress
server\data\msg\proper_noun_accessory_info_ca.msg, \data\msg\proper_noun_accessory_info_ca.msg, 22, Uncompress
server\data\msg\proper_noun_accessory_info_de.msg, \data\msg\proper_noun_accessory_info_de.msg, 23, Uncompress
server\data\msg\proper_noun_accessory_info_en.msg, \data\msg\proper_noun_accessory_info_en.msg, 24, Uncompress
server\data\msg\proper_noun_accessory_info_es.msg, \data\msg\proper_noun_accessory_info_es.msg, 25, Uncompress
server\data\msg\proper_noun_accessory_info_fr.msg, \data\msg\proper_noun_accessory_info_fr.msg, 26, Uncompress
server\data\msg\proper_noun_accessory_info_it.msg, \data\msg\proper_noun_accessory_info_it.msg, 27, Uncompress
server\data\msg\proper_noun_accessory_info_ja.msg, \data\msg\proper_noun_accessory_info_ja.msg, 28, Uncompress
server\data\msg\proper_noun_accessory_info_kr.msg, \data\msg\proper_noun_accessory_info_kr.msg, 29, Uncompress
server\data\msg\proper_noun_accessory_info_pt.msg, \data\msg\proper_noun_accessory_info_pt.msg, 30, Uncompress
server\data\msg\proper_noun_accessory_info_ru.msg, \data\msg\proper_noun_accessory_info_ru.msg, 31, Uncompress
server\data\msg\proper_noun_accessory_info_tw.msg, \data\msg\proper_noun_accessory_info_tw.msg, 32, Uncompress
server\data\msg\proper_noun_accessory_info_zh.msg, \data\msg\proper_noun_accessory_info_zh.msg, 33, Uncompress
server\data\msg\proper_noun_accessory_name_ca.msg, \data\msg\proper_noun_accessory_name_ca.msg, 34, Uncompress
server\data\msg\proper_noun_accessory_name_de.msg, \data\msg\proper_noun_accessory_name_de.msg, 35, Uncompress
server\data\msg\proper_noun_accessory_name_en.msg, \data\msg\proper_noun_accessory_name_en.msg, 36, Uncompress
server\data\msg\proper_noun_accessory_name_es.msg, \data\msg\proper_noun_accessory_name_es.msg, 37, Uncompress
server\data\msg\proper_noun_accessory_name_fr.msg, \data\msg\proper_noun_accessory_name_fr.msg, 38, Uncompress
server\data\msg\proper_noun_accessory_name_it.msg, \data\msg\proper_noun_accessory_name_it.msg, 39, Uncompress
server\data\msg\proper_noun_accessory_name_ja.msg, \data\msg\proper_noun_accessory_name_ja.msg, 40, Uncompress
server\data\msg\proper_noun_accessory_name_kr.msg, \data\msg\proper_noun_accessory_name_kr.msg, 41, Uncompress
server\data\msg\proper_noun_accessory_name_pt.msg, \data\msg\proper_noun_accessory_name_pt.msg, 42, Uncompress
server\data\msg\proper_noun_accessory_name_ru.msg, \data\msg\proper_noun_accessory_name_ru.msg, 43, Uncompress
server\data\msg\proper_noun_accessory_name_tw.msg, \data\msg\proper_noun_accessory_name_tw.msg, 44, Uncompress
server\data\msg\proper_noun_accessory_name_zh.msg, \data\msg\proper_noun_accessory_name_zh.msg, 45, Uncompress
server\data\msg\proper_noun_battle_info_ca.msg, \data\msg\proper_noun_battle_info_ca.msg, 46, Uncompress
server\data\msg\proper_noun_battle_info_de.msg, \data\msg\proper_noun_battle_info_de.msg, 47, Uncompress
server\data\msg\proper_noun_battle_info_en.msg, \data\msg\proper_noun_battle_info_en.msg, 48, Uncompress
server\data\msg\proper_noun_battle_info_es.msg, \data\msg\proper_noun_battle_info_es.msg, 49, Uncompress
server\data\msg\proper_noun_battle_info_fr.msg, \data\msg\proper_noun_battle_info_fr.msg, 50, Uncompress
server\data\msg\proper_noun_battle_info_it.msg, \data\msg\proper_noun_battle_info_it.msg, 51, Uncompress
server\data\msg\proper_noun_battle_info_ja.msg, \data\msg\proper_noun_battle_info_ja.msg, 52, Uncompress
server\data\msg\proper_noun_battle_info_kr.msg, \data\msg\proper_noun_battle_info_kr.msg, 53, Uncompress
server\data\msg\proper_noun_battle_info_pt.msg, \data\msg\proper_noun_battle_info_pt.msg, 54, Uncompress
server\data\msg\proper_noun_battle_info_ru.msg, \data\msg\proper_noun_battle_info_ru.msg, 55, Uncompress
server\data\msg\proper_noun_battle_info_tw.msg, \data\msg\proper_noun_battle_info_tw.msg, 56, Uncompress
server\data\msg\proper_noun_battle_info_zh.msg, \data\msg\proper_noun_battle_info_zh.msg, 57, Uncompress
server\data\msg\proper_noun_battle_name_ca.msg, \data\msg\proper_noun_battle_name_ca.msg, 58, Uncompress
server\data\msg\proper_noun_battle_name_de.msg, \data\msg\proper_noun_battle_name_de.msg, 59, Uncompress
server\data\msg\proper_noun_battle_name_en.msg, \data\msg\proper_noun_battle_name_en.msg, 60, Uncompress
server\data\msg\proper_noun_battle_name_es.msg, \data\msg\proper_noun_battle_name_es.msg, 61, Uncompress
server\data\msg\proper_noun_battle_name_fr.msg, \data\msg\proper_noun_battle_name_fr.msg, 62, Uncompress
server\data\msg\proper_noun_battle_name_it.msg, \data\msg\proper_noun_battle_name_it.msg, 63, Uncompress
server\data\msg\proper_noun_battle_name_ja.msg, \data\msg\proper_noun_battle_name_ja.msg, 64, Uncompress
server\data\msg\proper_noun_battle_name_kr.msg, \data\msg\proper_noun_battle_name_kr.msg, 65, Uncompress
server\data\msg\proper_noun_battle_name_pt.msg, \data\msg\proper_noun_battle_name_pt.msg, 66, Uncompress
server\data\msg\proper_noun_battle_name_ru.msg, \data\msg\proper_noun_battle_name_ru.msg, 67, Uncompress
server\data\msg\proper_noun_battle_name_tw.msg, \data\msg\proper_noun_battle_name_tw.msg, 68, Uncompress
server\data\msg\proper_noun_battle_name_zh.msg, \data\msg\proper_noun_battle_name_zh.msg, 69, Uncompress
server\data\msg\proper_noun_character_name_ca.msg, \data\msg\proper_noun_character_name_ca.msg, 70, Uncompress
server\data\msg\proper_noun_character_name_de.msg, \data\msg\proper_noun_character_name_de.msg, 71, Uncompress
server\data\msg\proper_noun_character_name_en.msg, \data\msg\proper_noun_character_name_en.msg, 72, Uncompress
server\data\msg\proper_noun_character_name_es.msg, \data\msg\proper_noun_character_name_es.msg, 73, Uncompress
server\data\msg\proper_noun_character_name_fr.msg, \data\msg\proper_noun_character_name_fr.msg, 74, Uncompress
server\data\msg\proper_noun_character_name_it.msg, \data\msg\proper_noun_character_name_it.msg, 75, Uncompress
server\data\msg\proper_noun_character_name_ja.msg, \data\msg\proper_noun_character_name_ja.msg, 76, Uncompress
server\data\msg\proper_noun_character_name_kr.msg, \data\msg\proper_noun_character_name_kr.msg, 77, Uncompress
server\data\msg\proper_noun_character_name_pt.msg, \data\msg\proper_noun_character_name_pt.msg, 78, Uncompress
server\data\msg\proper_noun_character_name_ru.msg, \data\msg\proper_noun_character_name_ru.msg, 79, Uncompress
server\data\msg\proper_noun_character_name_tw.msg, \data\msg\proper_noun_character_name_tw.msg, 80, Uncompress
server\data\msg\proper_noun_character_name_zh.msg, \data\msg\proper_noun_character_name_zh.msg, 81, Uncompress
server\data\msg\proper_noun_costume_info_ca.msg, \data\msg\proper_noun_costume_info_ca.msg, 82, Uncompress
server\data\msg\proper_noun_costume_info_de.msg, \data\msg\proper_noun_costume_info_de.msg, 83, Uncompress
server\data\msg\proper_noun_costume_info_en.msg, \data\msg\proper_noun_costume_info_en.msg, 84, Uncompress
server\data\msg\proper_noun_costume_info_es.msg, \data\msg\proper_noun_costume_info_es.msg, 85, Uncompress
server\data\msg\proper_noun_costume_info_fr.msg, \data\msg\proper_noun_costume_info_fr.msg, 86, Uncompress
server\data\msg\proper_noun_costume_info_it.msg, \data\msg\proper_noun_costume_info_it.msg, 87, Uncompress
server\data\msg\proper_noun_costume_info_ja.msg, \data\msg\proper_noun_costume_info_ja.msg, 88, Uncompress
server\data\msg\proper_noun_costume_info_kr.msg, \data\msg\proper_noun_costume_info_kr.msg, 89, Uncompress
server\data\msg\proper_noun_costume_info_pt.msg, \data\msg\proper_noun_costume_info_pt.msg, 90, Uncompress
server\data\msg\proper_noun_costume_info_ru.msg, \data\msg\proper_noun_costume_info_ru.msg, 91, Uncompress
server\data\msg\proper_noun_costume_info_tw.msg, \data\msg\proper_noun_costume_info_tw.msg, 92, Uncompress
server\data\msg\proper_noun_costume_info_zh.msg, \data\msg\proper_noun_costume_info_zh.msg, 93, Uncompress
server\data\msg\proper_noun_costume_name_ca.msg, \data\msg\proper_noun_costume_name_ca.msg, 94, Uncompress
server\data\msg\proper_noun_costume_name_de.msg, \data\msg\proper_noun_costume_name_de.msg, 95, Uncompress
server\data\msg\proper_noun_costume_name_en.msg, \data\msg\proper_noun_costume_name_en.msg, 96, Uncompress
server\data\msg\proper_noun_costume_name_es.msg, \data\msg\proper_noun_costume_name_es.msg, 97, Uncompress
server\data\msg\proper_noun_costume_name_fr.msg, \data\msg\proper_noun_costume_name_fr.msg, 98, Uncompress
server\data\msg\proper_noun_costume_name_it.msg, \data\msg\proper_noun_costume_name_it.msg, 99, Uncompress
server\data\msg\proper_noun_costume_name_ja.msg, \data\msg\proper_noun_costume_name_ja.msg, 100, Uncompress
server\data\msg\proper_noun_costume_name_kr.msg, \data\msg\proper_noun_costume_name_kr.msg, 101, Uncompress
server\data\msg\proper_noun_costume_name_pt.msg, \data\msg\proper_noun_costume_name_pt.msg, 102, Uncompress
server\data\msg\proper_noun_costume_name_ru.msg, \data\msg\proper_noun_costume_name_ru.msg, 103, Uncompress
server\data\msg\proper_noun_costume_name_tw.msg, \data\msg\proper_noun_costume_name_tw.msg, 104, Uncompress
server\data\msg\proper_noun_costume_name_zh.msg, \data\msg\proper_noun_costume_name_zh.msg, 105, Uncompress
server\data\msg\proper_noun_extra_info_ca.msg, \data\msg\proper_noun_extra_info_ca.msg, 106, Uncompress
server\data\msg\proper_noun_extra_info_de.msg, \data\msg\proper_noun_extra_info_de.msg, 107, Uncompress
server\data\msg\proper_noun_extra_info_en.msg, \data\msg\proper_noun_extra_info_en.msg, 108, Uncompress
server\data\msg\proper_noun_extra_info_es.msg, \data\msg\proper_noun_extra_info_es.msg, 109, Uncompress
server\data\msg\proper_noun_extra_info_fr.msg, \data\msg\proper_noun_extra_info_fr.msg, 110, Uncompress
server\data\msg\proper_noun_extra_info_it.msg, \data\msg\proper_noun_extra_info_it.msg, 111, Uncompress
server\data\msg\proper_noun_extra_info_ja.msg, \data\msg\proper_noun_extra_info_ja.msg, 112, Uncompress
server\data\msg\proper_noun_extra_info_kr.msg, \data\msg\proper_noun_extra_info_kr.msg, 113, Uncompress
server\data\msg\proper_noun_extra_info_pt.msg, \data\msg\proper_noun_extra_info_pt.msg, 114, Uncompress
server\data\msg\proper_noun_extra_info_ru.msg, \data\msg\proper_noun_extra_info_ru.msg, 115, Uncompress
server\data\msg\proper_noun_extra_info_tw.msg, \data\msg\proper_noun_extra_info_tw.msg, 116, Uncompress
server\data\msg\proper_noun_extra_info_zh.msg, \data\msg\proper_noun_extra_info_zh.msg, 117, Uncompress
server\data\msg\proper_noun_extra_name_ca.msg, \data\msg\proper_noun_extra_name_ca.msg, 118, Uncompress
server\data\msg\proper_noun_extra_name_de.msg, \data\msg\proper_noun_extra_name_de.msg, 119, Uncompress
server\data\msg\proper_noun_extra_name_en.msg, \data\msg\proper_noun_extra_name_en.msg, 120, Uncompress
server\data\msg\proper_noun_extra_name_es.msg, \data\msg\proper_noun_extra_name_es.msg, 121, Uncompress
server\data\msg\proper_noun_extra_name_fr.msg, \data\msg\proper_noun_extra_name_fr.msg, 122, Uncompress
server\data\msg\proper_noun_extra_name_it.msg, \data\msg\proper_noun_extra_name_it.msg, 123, Uncompress
server\data\msg\proper_noun_extra_name_ja.msg, \data\msg\proper_noun_extra_name_ja.msg, 124, Uncompress
server\data\msg\proper_noun_extra_name_kr.msg, \data\msg\proper_noun_extra_name_kr.msg, 125, Uncompress
server\data\msg\proper_noun_extra_name_pt.msg, \data\msg\proper_noun_extra_name_pt.msg, 126, Uncompress
server\data\msg\proper_noun_extra_name_ru.msg, \data\msg\proper_noun_extra_name_ru.msg, 127, Uncompress
server\data\msg\proper_noun_extra_name_tw.msg, \data\msg\proper_noun_extra_name_tw.msg, 128, Uncompress
server\data\msg\proper_noun_extra_name_zh.msg, \data\msg\proper_noun_extra_name_zh.msg, 129, Uncompress
server\data\msg\proper_noun_float_pet_info_ca.msg, \data\msg\proper_noun_float_pet_info_ca.msg, 130, Uncompress
server\data\msg\proper_noun_float_pet_info_de.msg, \data\msg\proper_noun_float_pet_info_de.msg, 131, Uncompress
server\data\msg\proper_noun_float_pet_info_en.msg, \data\msg\proper_noun_float_pet_info_en.msg, 132, Uncompress
server\data\msg\proper_noun_float_pet_info_es.msg, \data\msg\proper_noun_float_pet_info_es.msg, 133, Uncompress
server\data\msg\proper_noun_float_pet_info_fr.msg, \data\msg\proper_noun_float_pet_info_fr.msg, 134, Uncompress
server\data\msg\proper_noun_float_pet_info_it.msg, \data\msg\proper_noun_float_pet_info_it.msg, 135, Uncompress
server\data\msg\proper_noun_float_pet_info_ja.msg, \data\msg\proper_noun_float_pet_info_ja.msg, 136, Uncompress
server\data\msg\proper_noun_float_pet_info_kr.msg, \data\msg\proper_noun_float_pet_info_kr.msg, 137, Uncompress
server\data\msg\proper_noun_float_pet_info_pt.msg, \data\msg\proper_noun_float_pet_info_pt.msg, 138, Uncompress
server\data\msg\proper_noun_float_pet_info_ru.msg, \data\msg\proper_noun_float_pet_info_ru.msg, 139, Uncompress
server\data\msg\proper_noun_float_pet_info_tw.msg, \data\msg\proper_noun_float_pet_info_tw.msg, 140, Uncompress
server\data\msg\proper_noun_float_pet_info_zh.msg, \data\msg\proper_noun_float_pet_info_zh.msg, 141, Uncompress
server\data\msg\proper_noun_float_pet_name_ca.msg, \data\msg\proper_noun_float_pet_name_ca.msg, 142, Uncompress
server\data\msg\proper_noun_float_pet_name_de.msg, \data\msg\proper_noun_float_pet_name_de.msg, 143, Uncompress
server\data\msg\proper_noun_float_pet_name_en.msg, \data\msg\proper_noun_float_pet_name_en.msg, 144, Uncompress
server\data\msg\proper_noun_float_pet_name_es.msg, \data\msg\proper_noun_float_pet_name_es.msg, 145, Uncompress
server\data\msg\proper_noun_float_pet_name_fr.msg, \data\msg\proper_noun_float_pet_name_fr.msg, 146, Uncompress
server\data\msg\proper_noun_float_pet_name_it.msg, \data\msg\proper_noun_float_pet_name_it.msg, 147, Uncompress
server\data\msg\proper_noun_float_pet_name_ja.msg, \data\msg\proper_noun_float_pet_name_ja.msg, 148, Uncompress
server\data\msg\proper_noun_float_pet_name_kr.msg, \data\msg\proper_noun_float_pet_name_kr.msg, 149, Uncompress
server\data\msg\proper_noun_float_pet_name_pt.msg, \data\msg\proper_noun_float_pet_name_pt.msg, 150, Uncompress
server\data\msg\proper_noun_float_pet_name_ru.msg, \data\msg\proper_noun_float_pet_name_ru.msg, 151, Uncompress
server\data\msg\proper_noun_float_pet_name_tw.msg, \data\msg\proper_noun_float_pet_name_tw.msg, 152, Uncompress
server\data\msg\proper_noun_float_pet_name_zh.msg, \data\msg\proper_noun_float_pet_name_zh.msg, 153, Uncompress
server\data\msg\proper_noun_gallery_illust_info_ca.msg, \data\msg\proper_noun_gallery_illust_info_ca.msg, 154, Uncompress
server\data\msg\proper_noun_gallery_illust_info_de.msg, \data\msg\proper_noun_gallery_illust_info_de.msg, 155, Uncompress
server\data\msg\proper_noun_gallery_illust_info_en.msg, \data\msg\proper_noun_gallery_illust_info_en.msg, 156, Uncompress
server\data\msg\proper_noun_gallery_illust_info_es.msg, \data\msg\proper_noun_gallery_illust_info_es.msg, 157, Uncompress
server\data\msg\proper_noun_gallery_illust_info_fr.msg, \data\msg\proper_noun_gallery_illust_info_fr.msg, 158, Uncompress
server\data\msg\proper_noun_gallery_illust_info_it.msg, \data\msg\proper_noun_gallery_illust_info_it.msg, 159, Uncompress
server\data\msg\proper_noun_gallery_illust_info_ja.msg, \data\msg\proper_noun_gallery_illust_info_ja.msg, 160, Uncompress
server\data\msg\proper_noun_gallery_illust_info_kr.msg, \data\msg\proper_noun_gallery_illust_info_kr.msg, 161, Uncompress
server\data\msg\proper_noun_gallery_illust_info_pt.msg, \data\msg\proper_noun_gallery_illust_info_pt.msg, 162, Uncompress
server\data\msg\proper_noun_gallery_illust_info_ru.msg, \data\msg\proper_noun_gallery_illust_info_ru.msg, 163, Uncompress
server\data\msg\proper_noun_gallery_illust_info_tw.msg, \data\msg\proper_noun_gallery_illust_info_tw.msg, 164, Uncompress
server\data\msg\proper_noun_gallery_illust_info_zh.msg, \data\msg\proper_noun_gallery_illust_info_zh.msg, 165, Uncompress
server\data\msg\proper_noun_gallery_illust_name_ca.msg, \data\msg\proper_noun_gallery_illust_name_ca.msg, 166, Uncompress
server\data\msg\proper_noun_gallery_illust_name_de.msg, \data\msg\proper_noun_gallery_illust_name_de.msg, 167, Uncompress
server\data\msg\proper_noun_gallery_illust_name_en.msg, \data\msg\proper_noun_gallery_illust_name_en.msg, 168, Uncompress
server\data\msg\proper_noun_gallery_illust_name_es.msg, \data\msg\proper_noun_gallery_illust_name_es.msg, 169, Uncompress
server\data\msg\proper_noun_gallery_illust_name_fr.msg, \data\msg\proper_noun_gallery_illust_name_fr.msg, 170, Uncompress
server\data\msg\proper_noun_gallery_illust_name_it.msg, \data\msg\proper_noun_gallery_illust_name_it.msg, 171, Uncompress
server\data\msg\proper_noun_gallery_illust_name_ja.msg, \data\msg\proper_noun_gallery_illust_name_ja.msg, 172, Uncompress
server\data\msg\proper_noun_gallery_illust_name_kr.msg, \data\msg\proper_noun_gallery_illust_name_kr.msg, 173, Uncompress
server\data\msg\proper_noun_gallery_illust_name_pt.msg, \data\msg\proper_noun_gallery_illust_name_pt.msg, 174, Uncompress
server\data\msg\proper_noun_gallery_illust_name_ru.msg, \data\msg\proper_noun_gallery_illust_name_ru.msg, 175, Uncompress
server\data\msg\proper_noun_gallery_illust_name_tw.msg, \data\msg\proper_noun_gallery_illust_name_tw.msg, 176, Uncompress
server\data\msg\proper_noun_gallery_illust_name_zh.msg, \data\msg\proper_noun_gallery_illust_name_zh.msg, 177, Uncompress
server\data\msg\proper_noun_material_info_ca.msg, \data\msg\proper_noun_material_info_ca.msg, 178, Uncompress
server\data\msg\proper_noun_material_info_de.msg, \data\msg\proper_noun_material_info_de.msg, 179, Uncompress
server\data\msg\proper_noun_material_info_en.msg, \data\msg\proper_noun_material_info_en.msg, 180, Uncompress
server\data\msg\proper_noun_material_info_es.msg, \data\msg\proper_noun_material_info_es.msg, 181, Uncompress
server\data\msg\proper_noun_material_info_fr.msg, \data\msg\proper_noun_material_info_fr.msg, 182, Uncompress
server\data\msg\proper_noun_material_info_it.msg, \data\msg\proper_noun_material_info_it.msg, 183, Uncompress
server\data\msg\proper_noun_material_info_ja.msg, \data\msg\proper_noun_material_info_ja.msg, 184, Uncompress
server\data\msg\proper_noun_material_info_kr.msg, \data\msg\proper_noun_material_info_kr.msg, 185, Uncompress
server\data\msg\proper_noun_material_info_pt.msg, \data\msg\proper_noun_material_info_pt.msg, 186, Uncompress
server\data\msg\proper_noun_material_info_ru.msg, \data\msg\proper_noun_material_info_ru.msg, 187, Uncompress
server\data\msg\proper_noun_material_info_tw.msg, \data\msg\proper_noun_material_info_tw.msg, 188, Uncompress
server\data\msg\proper_noun_material_info_zh.msg, \data\msg\proper_noun_material_info_zh.msg, 189, Uncompress
server\data\msg\proper_noun_material_name_ca.msg, \data\msg\proper_noun_material_name_ca.msg, 190, Uncompress
server\data\msg\proper_noun_material_name_de.msg, \data\msg\proper_noun_material_name_de.msg, 191, Uncompress
server\data\msg\proper_noun_material_name_en.msg, \data\msg\proper_noun_material_name_en.msg, 192, Uncompress
server\data\msg\proper_noun_material_name_es.msg, \data\msg\proper_noun_material_name_es.msg, 193, Uncompress
server\data\msg\proper_noun_material_name_fr.msg, \data\msg\proper_noun_material_name_fr.msg, 194, Uncompress
server\data\msg\proper_noun_material_name_it.msg, \data\msg\proper_noun_material_name_it.msg, 195, Uncompress
server\data\msg\proper_noun_material_name_ja.msg, \data\msg\proper_noun_material_name_ja.msg, 196, Uncompress
server\data\msg\proper_noun_material_name_kr.msg, \data\msg\proper_noun_material_name_kr.msg, 197, Uncompress
server\data\msg\proper_noun_material_name_pt.msg, \data\msg\proper_noun_material_name_pt.msg, 198, Uncompress
server\data\msg\proper_noun_material_name_ru.msg, \data\msg\proper_noun_material_name_ru.msg, 199, Uncompress
server\data\msg\proper_noun_material_name_tw.msg, \data\msg\proper_noun_material_name_tw.msg, 200, Uncompress
server\data\msg\proper_noun_material_name_zh.msg, \data\msg\proper_noun_material_name_zh.msg, 201, Uncompress
server\data\msg\proper_noun_powerup_item_info_ca.msg, \data\msg\proper_noun_powerup_item_info_ca.msg, 202, Uncompress
server\data\msg\proper_noun_powerup_item_info_kr.msg, \data\msg\proper_noun_powerup_item_info_kr.msg, 203, Uncompress
server\data\msg\proper_noun_powerup_item_info_pt.msg, \data\msg\proper_noun_powerup_item_info_pt.msg, 204, Uncompress
server\data\msg\proper_noun_powerup_item_info_ru.msg, \data\msg\proper_noun_powerup_item_info_ru.msg, 205, Uncompress
server\data\msg\proper_noun_powerup_item_info_tw.msg, \data\msg\proper_noun_powerup_item_info_tw.msg, 206, Uncompress
server\data\msg\proper_noun_powerup_item_info_zh.msg, \data\msg\proper_noun_powerup_item_info_zh.msg, 207, Uncompress
server\data\msg\proper_noun_powerup_item_name_ca.msg, \data\msg\proper_noun_powerup_item_name_ca.msg, 208, Uncompress
server\data\msg\proper_noun_powerup_item_name_de.msg, \data\msg\proper_noun_powerup_item_name_de.msg, 209, Uncompress
server\data\msg\proper_noun_powerup_item_name_en.msg, \data\msg\proper_noun_powerup_item_name_en.msg, 210, Uncompress
server\data\msg\proper_noun_powerup_item_name_es.msg, \data\msg\proper_noun_powerup_item_name_es.msg, 211, Uncompress
server\data\msg\proper_noun_powerup_item_name_fr.msg, \data\msg\proper_noun_powerup_item_name_fr.msg, 212, Uncompress
server\data\msg\proper_noun_powerup_item_name_it.msg, \data\msg\proper_noun_powerup_item_name_it.msg, 213, Uncompress
server\data\msg\proper_noun_powerup_item_name_ja.msg, \data\msg\proper_noun_powerup_item_name_ja.msg, 214, Uncompress
server\data\msg\proper_noun_powerup_item_name_kr.msg, \data\msg\proper_noun_powerup_item_name_kr.msg, 215, Uncompress
server\data\msg\proper_noun_powerup_item_name_pt.msg, \data\msg\proper_noun_powerup_item_name_pt.msg, 216, Uncompress
server\data\msg\proper_noun_powerup_item_name_ru.msg, \data\msg\proper_noun_powerup_item_name_ru.msg, 217, Uncompress
server\data\msg\proper_noun_powerup_item_name_tw.msg, \data\msg\proper_noun_powerup_item_name_tw.msg, 218, Uncompress
server\data\msg\proper_noun_powerup_item_name_zh.msg, \data\msg\proper_noun_powerup_item_name_zh.msg, 219, Uncompress
server\data\msg\proper_noun_skill_esc_how_ca.msg, \data\msg\proper_noun_skill_esc_how_ca.msg, 220, Uncompress
server\data\msg\proper_noun_skill_esc_how_de.msg, \data\msg\proper_noun_skill_esc_how_de.msg, 221, Uncompress
server\data\msg\proper_noun_skill_esc_how_en.msg, \data\msg\proper_noun_skill_esc_how_en.msg, 222, Uncompress
server\data\msg\proper_noun_skill_esc_how_es.msg, \data\msg\proper_noun_skill_esc_how_es.msg, 223, Uncompress
server\data\msg\proper_noun_skill_esc_how_fr.msg, \data\msg\proper_noun_skill_esc_how_fr.msg, 224, Uncompress
server\data\msg\proper_noun_skill_esc_how_it.msg, \data\msg\proper_noun_skill_esc_how_it.msg, 225, Uncompress
server\data\msg\proper_noun_skill_esc_how_ja.msg, \data\msg\proper_noun_skill_esc_how_ja.msg, 226, Uncompress
server\data\msg\proper_noun_skill_esc_how_kr.msg, \data\msg\proper_noun_skill_esc_how_kr.msg, 227, Uncompress
server\data\msg\proper_noun_skill_esc_how_pt.msg, \data\msg\proper_noun_skill_esc_how_pt.msg, 228, Uncompress
server\data\msg\proper_noun_skill_esc_how_ru.msg, \data\msg\proper_noun_skill_esc_how_ru.msg, 229, Uncompress
server\data\msg\proper_noun_skill_esc_how_tw.msg, \data\msg\proper_noun_skill_esc_how_tw.msg, 230, Uncompress
server\data\msg\proper_noun_skill_esc_how_zh.msg, \data\msg\proper_noun_skill_esc_how_zh.msg, 231, Uncompress
server\data\msg\proper_noun_skill_esc_info_ca.msg, \data\msg\proper_noun_skill_esc_info_ca.msg, 232, Uncompress
server\data\msg\proper_noun_skill_esc_info_de.msg, \data\msg\proper_noun_skill_esc_info_de.msg, 233, Uncompress
server\data\msg\proper_noun_skill_esc_info_en.msg, \data\msg\proper_noun_skill_esc_info_en.msg, 234, Uncompress
server\data\msg\proper_noun_skill_esc_info_es.msg, \data\msg\proper_noun_skill_esc_info_es.msg, 235, Uncompress
server\data\msg\proper_noun_skill_esc_info_fr.msg, \data\msg\proper_noun_skill_esc_info_fr.msg, 236, Uncompress
server\data\msg\proper_noun_skill_esc_info_it.msg, \data\msg\proper_noun_skill_esc_info_it.msg, 237, Uncompress
server\data\msg\proper_noun_skill_esc_info_ja.msg, \data\msg\proper_noun_skill_esc_info_ja.msg, 238, Uncompress
server\data\msg\proper_noun_skill_esc_info_kr.msg, \data\msg\proper_noun_skill_esc_info_kr.msg, 239, Uncompress
server\data\msg\proper_noun_skill_esc_info_pt.msg, \data\msg\proper_noun_skill_esc_info_pt.msg, 240, Uncompress
server\data\msg\proper_noun_skill_esc_info_ru.msg, \data\msg\proper_noun_skill_esc_info_ru.msg, 241, Uncompress
server\data\msg\proper_noun_skill_esc_info_tw.msg, \data\msg\proper_noun_skill_esc_info_tw.msg, 242, Uncompress
server\data\msg\proper_noun_skill_esc_info_zh.msg, \data\msg\proper_noun_skill_esc_info_zh.msg, 243, Uncompress
server\data\msg\proper_noun_skill_esc_name_ca.msg, \data\msg\proper_noun_skill_esc_name_ca.msg, 244, Uncompress
server\data\msg\proper_noun_skill_esc_name_de.msg, \data\msg\proper_noun_skill_esc_name_de.msg, 245, Uncompress
server\data\msg\proper_noun_skill_esc_name_en.msg, \data\msg\proper_noun_skill_esc_name_en.msg, 246, Uncompress
server\data\msg\proper_noun_skill_esc_name_es.msg, \data\msg\proper_noun_skill_esc_name_es.msg, 247, Uncompress
server\data\msg\proper_noun_skill_esc_name_fr.msg, \data\msg\proper_noun_skill_esc_name_fr.msg, 248, Uncompress
server\data\msg\proper_noun_skill_esc_name_it.msg, \data\msg\proper_noun_skill_esc_name_it.msg, 249, Uncompress
server\data\msg\proper_noun_skill_esc_name_ja.msg, \data\msg\proper_noun_skill_esc_name_ja.msg, 250, Uncompress
server\data\msg\proper_noun_skill_esc_name_kr.msg, \data\msg\proper_noun_skill_esc_name_kr.msg, 251, Uncompress
server\data\msg\proper_noun_skill_esc_name_pt.msg, \data\msg\proper_noun_skill_esc_name_pt.msg, 252, Uncompress
server\data\msg\proper_noun_skill_esc_name_ru.msg, \data\msg\proper_noun_skill_esc_name_ru.msg, 253, Uncompress
server\data\msg\proper_noun_skill_esc_name_tw.msg, \data\msg\proper_noun_skill_esc_name_tw.msg, 254, Uncompress
server\data\msg\proper_noun_skill_esc_name_zh.msg, \data\msg\proper_noun_skill_esc_name_zh.msg, 255, Uncompress
server\data\msg\proper_noun_skill_met_how_ca.msg, \data\msg\proper_noun_skill_met_how_ca.msg, 256, Uncompress
server\data\msg\proper_noun_skill_met_how_de.msg, \data\msg\proper_noun_skill_met_how_de.msg, 257, Uncompress
server\data\msg\proper_noun_skill_met_how_en.msg, \data\msg\proper_noun_skill_met_how_en.msg, 258, Uncompress
server\data\msg\proper_noun_skill_met_how_es.msg, \data\msg\proper_noun_skill_met_how_es.msg, 259, Uncompress
server\data\msg\proper_noun_skill_met_how_fr.msg, \data\msg\proper_noun_skill_met_how_fr.msg, 260, Uncompress
server\data\msg\proper_noun_skill_met_how_it.msg, \data\msg\proper_noun_skill_met_how_it.msg, 261, Uncompress
server\data\msg\proper_noun_skill_met_how_ja.msg, \data\msg\proper_noun_skill_met_how_ja.msg, 262, Uncompress
server\data\msg\proper_noun_skill_met_how_kr.msg, \data\msg\proper_noun_skill_met_how_kr.msg, 263, Uncompress
server\data\msg\proper_noun_skill_met_how_pt.msg, \data\msg\proper_noun_skill_met_how_pt.msg, 264, Uncompress
server\data\msg\proper_noun_skill_met_how_ru.msg, \data\msg\proper_noun_skill_met_how_ru.msg, 265, Uncompress
server\data\msg\proper_noun_skill_met_how_tw.msg, \data\msg\proper_noun_skill_met_how_tw.msg, 266, Uncompress
server\data\msg\proper_noun_skill_met_how_zh.msg, \data\msg\proper_noun_skill_met_how_zh.msg, 267, Uncompress
server\data\msg\proper_noun_skill_met_info_ca.msg, \data\msg\proper_noun_skill_met_info_ca.msg, 268, Uncompress
server\data\msg\proper_noun_skill_met_info_de.msg, \data\msg\proper_noun_skill_met_info_de.msg, 269, Uncompress
server\data\msg\proper_noun_skill_met_info_en.msg, \data\msg\proper_noun_skill_met_info_en.msg, 270, Uncompress
server\data\msg\proper_noun_skill_met_info_es.msg, \data\msg\proper_noun_skill_met_info_es.msg, 271, Uncompress
server\data\msg\proper_noun_skill_met_info_fr.msg, \data\msg\proper_noun_skill_met_info_fr.msg, 272, Uncompress
server\data\msg\proper_noun_skill_met_info_it.msg, \data\msg\proper_noun_skill_met_info_it.msg, 273, Uncompress
server\data\msg\proper_noun_skill_met_info_ja.msg, \data\msg\proper_noun_skill_met_info_ja.msg, 274, Uncompress
server\data\msg\proper_noun_skill_met_info_kr.msg, \data\msg\proper_noun_skill_met_info_kr.msg, 275, Uncompress
server\data\msg\proper_noun_skill_met_info_pt.msg, \data\msg\proper_noun_skill_met_info_pt.msg, 276, Uncompress
server\data\msg\proper_noun_skill_met_info_ru.msg, \data\msg\proper_noun_skill_met_info_ru.msg, 277, Uncompress
server\data\msg\proper_noun_skill_met_info_tw.msg, \data\msg\proper_noun_skill_met_info_tw.msg, 278, Uncompress
server\data\msg\proper_noun_skill_met_info_zh.msg, \data\msg\proper_noun_skill_met_info_zh.msg, 279, Uncompress
server\data\msg\proper_noun_skill_met_name_ca.msg, \data\msg\proper_noun_skill_met_name_ca.msg, 280, Uncompress
server\data\msg\proper_noun_skill_met_name_de.msg, \data\msg\proper_noun_skill_met_name_de.msg, 281, Uncompress
server\data\msg\proper_noun_skill_met_name_en.msg, \data\msg\proper_noun_skill_met_name_en.msg, 282, Uncompress
server\data\msg\proper_noun_skill_met_name_es.msg, \data\msg\proper_noun_skill_met_name_es.msg, 283, Uncompress
server\data\msg\proper_noun_skill_met_name_fr.msg, \data\msg\proper_noun_skill_met_name_fr.msg, 284, Uncompress
server\data\msg\proper_noun_skill_met_name_it.msg, \data\msg\proper_noun_skill_met_name_it.msg, 285, Uncompress
server\data\msg\proper_noun_skill_met_name_ja.msg, \data\msg\proper_noun_skill_met_name_ja.msg, 286, Uncompress
server\data\msg\proper_noun_skill_met_name_kr.msg, \data\msg\proper_noun_skill_met_name_kr.msg, 287, Uncompress
server\data\msg\proper_noun_skill_met_name_pt.msg, \data\msg\proper_noun_skill_met_name_pt.msg, 288, Uncompress
server\data\msg\proper_noun_skill_met_name_ru.msg, \data\msg\proper_noun_skill_met_name_ru.msg, 289, Uncompress
server\data\msg\proper_noun_skill_met_name_tw.msg, \data\msg\proper_noun_skill_met_name_tw.msg, 290, Uncompress
server\data\msg\proper_noun_skill_met_name_zh.msg, \data\msg\proper_noun_skill_met_name_zh.msg, 291, Uncompress
server\data\msg\proper_noun_skill_spa_how_ca.msg, \data\msg\proper_noun_skill_spa_how_ca.msg, 292, Uncompress
server\data\msg\proper_noun_skill_spa_how_de.msg, \data\msg\proper_noun_skill_spa_how_de.msg, 293, Uncompress
server\data\msg\proper_noun_skill_spa_how_en.msg, \data\msg\proper_noun_skill_spa_how_en.msg, 294, Uncompress
server\data\msg\proper_noun_skill_spa_how_es.msg, \data\msg\proper_noun_skill_spa_how_es.msg, 295, Uncompress
server\data\msg\proper_noun_skill_spa_how_fr.msg, \data\msg\proper_noun_skill_spa_how_fr.msg, 296, Uncompress
server\data\msg\proper_noun_skill_spa_how_it.msg, \data\msg\proper_noun_skill_spa_how_it.msg, 297, Uncompress
server\data\msg\proper_noun_skill_spa_how_ja.msg, \data\msg\proper_noun_skill_spa_how_ja.msg, 298, Uncompress
server\data\msg\proper_noun_skill_spa_how_kr.msg, \data\msg\proper_noun_skill_spa_how_kr.msg, 299, Uncompress
server\data\msg\proper_noun_skill_spa_how_pt.msg, \data\msg\proper_noun_skill_spa_how_pt.msg, 300, Uncompress
server\data\msg\proper_noun_skill_spa_how_ru.msg, \data\msg\proper_noun_skill_spa_how_ru.msg, 301, Uncompress
server\data\msg\proper_noun_skill_spa_how_tw.msg, \data\msg\proper_noun_skill_spa_how_tw.msg, 302, Uncompress
server\data\msg\proper_noun_skill_spa_how_zh.msg, \data\msg\proper_noun_skill_spa_how_zh.msg, 303, Uncompress
server\data\msg\proper_noun_skill_spa_info_ca.msg, \data\msg\proper_noun_skill_spa_info_ca.msg, 304, Uncompress
server\data\msg\proper_noun_skill_spa_info_de.msg, \data\msg\proper_noun_skill_spa_info_de.msg, 305, Uncompress
server\data\msg\proper_noun_skill_spa_info_en.msg, \data\msg\proper_noun_skill_spa_info_en.msg, 306, Uncompress
server\data\msg\proper_noun_skill_spa_info_es.msg, \data\msg\proper_noun_skill_spa_info_es.msg, 307, Uncompress
server\data\msg\proper_noun_skill_spa_info_fr.msg, \data\msg\proper_noun_skill_spa_info_fr.msg, 308, Uncompress
server\data\msg\proper_noun_skill_spa_info_it.msg, \data\msg\proper_noun_skill_spa_info_it.msg, 309, Uncompress
server\data\msg\proper_noun_skill_spa_info_ja.msg, \data\msg\proper_noun_skill_spa_info_ja.msg, 310, Uncompress
server\data\msg\proper_noun_skill_spa_info_kr.msg, \data\msg\proper_noun_skill_spa_info_kr.msg, 311, Uncompress
server\data\msg\proper_noun_skill_spa_info_pt.msg, \data\msg\proper_noun_skill_spa_info_pt.msg, 312, Uncompress
server\data\msg\proper_noun_skill_spa_info_ru.msg, \data\msg\proper_noun_skill_spa_info_ru.msg, 313, Uncompress
server\data\msg\proper_noun_skill_spa_info_tw.msg, \data\msg\proper_noun_skill_spa_info_tw.msg, 314, Uncompress
server\data\msg\proper_noun_skill_spa_info_zh.msg, \data\msg\proper_noun_skill_spa_info_zh.msg, 315, Uncompress
server\data\msg\proper_noun_skill_spa_name_ca.msg, \data\msg\proper_noun_skill_spa_name_ca.msg, 316, Uncompress
server\data\msg\proper_noun_skill_spa_name_de.msg, \data\msg\proper_noun_skill_spa_name_de.msg, 317, Uncompress
server\data\msg\proper_noun_skill_spa_name_en.msg, \data\msg\proper_noun_skill_spa_name_en.msg, 318, Uncompress
server\data\msg\proper_noun_skill_spa_name_es.msg, \data\msg\proper_noun_skill_spa_name_es.msg, 319, Uncompress
server\data\msg\proper_noun_skill_spa_name_fr.msg, \data\msg\proper_noun_skill_spa_name_fr.msg, 320, Uncompress
server\data\msg\proper_noun_skill_spa_name_it.msg, \data\msg\proper_noun_skill_spa_name_it.msg, 321, Uncompress
server\data\msg\proper_noun_skill_spa_name_ja.msg, \data\msg\proper_noun_skill_spa_name_ja.msg, 322, Uncompress
server\data\msg\proper_noun_skill_spa_name_kr.msg, \data\msg\proper_noun_skill_spa_name_kr.msg, 323, Uncompress
server\data\msg\proper_noun_skill_spa_name_pt.msg, \data\msg\proper_noun_skill_spa_name_pt.msg, 324, Uncompress
server\data\msg\proper_noun_skill_spa_name_ru.msg, \data\msg\proper_noun_skill_spa_name_ru.msg, 325, Uncompress
server\data\msg\proper_noun_skill_spa_name_tw.msg, \data\msg\proper_noun_skill_spa_name_tw.msg, 326, Uncompress
server\data\msg\proper_noun_skill_spa_name_zh.msg, \data\msg\proper_noun_skill_spa_name_zh.msg, 327, Uncompress
server\data\msg\proper_noun_skill_table_name_ca.msg, \data\msg\proper_noun_skill_table_name_ca.msg, 328, Uncompress
server\data\msg\proper_noun_skill_table_name_de.msg, \data\msg\proper_noun_skill_table_name_de.msg, 329, Uncompress
server\data\msg\proper_noun_skill_table_name_en.msg, \data\msg\proper_noun_skill_table_name_en.msg, 330, Uncompress
server\data\msg\proper_noun_skill_table_name_es.msg, \data\msg\proper_noun_skill_table_name_es.msg, 331, Uncompress
server\data\msg\proper_noun_skill_table_name_fr.msg, \data\msg\proper_noun_skill_table_name_fr.msg, 332, Uncompress
server\data\msg\proper_noun_skill_table_name_it.msg, \data\msg\proper_noun_skill_table_name_it.msg, 333, Uncompress
server\data\msg\proper_noun_skill_table_name_ja.msg, \data\msg\proper_noun_skill_table_name_ja.msg, 334, Uncompress
server\data\msg\proper_noun_skill_table_name_kr.msg, \data\msg\proper_noun_skill_table_name_kr.msg, 335, Uncompress
server\data\msg\proper_noun_skill_table_name_pt.msg, \data\msg\proper_noun_skill_table_name_pt.msg, 336, Uncompress
server\data\msg\proper_noun_skill_table_name_ru.msg, \data\msg\proper_noun_skill_table_name_ru.msg, 337, Uncompress
server\data\msg\proper_noun_skill_table_name_tw.msg, \data\msg\proper_noun_skill_table_name_tw.msg, 338, Uncompress
server\data\msg\proper_noun_skill_table_name_zh.msg, \data\msg\proper_noun_skill_table_name_zh.msg, 339, Uncompress
server\data\msg\proper_noun_skill_ult_how_ca.msg, \data\msg\proper_noun_skill_ult_how_ca.msg, 340, Uncompress
server\data\msg\proper_noun_skill_ult_how_de.msg, \data\msg\proper_noun_skill_ult_how_de.msg, 341, Uncompress
server\data\msg\proper_noun_skill_ult_how_en.msg, \data\msg\proper_noun_skill_ult_how_en.msg, 342, Uncompress
server\data\msg\proper_noun_skill_ult_how_es.msg, \data\msg\proper_noun_skill_ult_how_es.msg, 343, Uncompress
server\data\msg\proper_noun_skill_ult_how_fr.msg, \data\msg\proper_noun_skill_ult_how_fr.msg, 344, Uncompress
server\data\msg\proper_noun_skill_ult_how_it.msg, \data\msg\proper_noun_skill_ult_how_it.msg, 345, Uncompress
server\data\msg\proper_noun_skill_ult_how_ja.msg, \data\msg\proper_noun_skill_ult_how_ja.msg, 346, Uncompress
server\data\msg\proper_noun_skill_ult_how_kr.msg, \data\msg\proper_noun_skill_ult_how_kr.msg, 347, Uncompress
server\data\msg\proper_noun_skill_ult_how_pt.msg, \data\msg\proper_noun_skill_ult_how_pt.msg, 348, Uncompress
server\data\msg\proper_noun_skill_ult_how_ru.msg, \data\msg\proper_noun_skill_ult_how_ru.msg, 349, Uncompress
server\data\msg\proper_noun_skill_ult_how_tw.msg, \data\msg\proper_noun_skill_ult_how_tw.msg, 350, Uncompress
server\data\msg\proper_noun_skill_ult_how_zh.msg, \data\msg\proper_noun_skill_ult_how_zh.msg, 351, Uncompress
server\data\msg\proper_noun_skill_ult_info_ca.msg, \data\msg\proper_noun_skill_ult_info_ca.msg, 352, Uncompress
server\data\msg\proper_noun_skill_ult_info_de.msg, \data\msg\proper_noun_skill_ult_info_de.msg, 353, Uncompress
server\data\msg\proper_noun_skill_ult_info_en.msg, \data\msg\proper_noun_skill_ult_info_en.msg, 354, Uncompress
server\data\msg\proper_noun_skill_ult_info_es.msg, \data\msg\proper_noun_skill_ult_info_es.msg, 355, Uncompress
server\data\msg\proper_noun_skill_ult_info_fr.msg, \data\msg\proper_noun_skill_ult_info_fr.msg, 356, Uncompress
server\data\msg\proper_noun_skill_ult_info_it.msg, \data\msg\proper_noun_skill_ult_info_it.msg, 357, Uncompress
server\data\msg\proper_noun_skill_ult_info_ja.msg, \data\msg\proper_noun_skill_ult_info_ja.msg, 358, Uncompress
server\data\msg\proper_noun_skill_ult_info_kr.msg, \data\msg\proper_noun_skill_ult_info_kr.msg, 359, Uncompress
server\data\msg\proper_noun_skill_ult_info_pt.msg, \data\msg\proper_noun_skill_ult_info_pt.msg, 360, Uncompress
server\data\msg\proper_noun_skill_ult_info_ru.msg, \data\msg\proper_noun_skill_ult_info_ru.msg, 361, Uncompress
server\data\msg\proper_noun_skill_ult_info_tw.msg, \data\msg\proper_noun_skill_ult_info_tw.msg, 362, Uncompress
server\data\msg\proper_noun_skill_ult_info_zh.msg, \data\msg\proper_noun_skill_ult_info_zh.msg, 363, Uncompress
server\data\msg\proper_noun_skill_ult_name_ca.msg, \data\msg\proper_noun_skill_ult_name_ca.msg, 364, Uncompress
server\data\msg\proper_noun_skill_ult_name_de.msg, \data\msg\proper_noun_skill_ult_name_de.msg, 365, Uncompress
server\data\msg\proper_noun_skill_ult_name_en.msg, \data\msg\proper_noun_skill_ult_name_en.msg, 366, Uncompress
server\data\msg\proper_noun_skill_ult_name_es.msg, \data\msg\proper_noun_skill_ult_name_es.msg, 367, Uncompress
server\data\msg\proper_noun_skill_ult_name_fr.msg, \data\msg\proper_noun_skill_ult_name_fr.msg, 368, Uncompress
server\data\msg\proper_noun_skill_ult_name_it.msg, \data\msg\proper_noun_skill_ult_name_it.msg, 369, Uncompress
server\data\msg\proper_noun_skill_ult_name_ja.msg, \data\msg\proper_noun_skill_ult_name_ja.msg, 370, Uncompress
server\data\msg\proper_noun_skill_ult_name_kr.msg, \data\msg\proper_noun_skill_ult_name_kr.msg, 371, Uncompress
server\data\msg\proper_noun_skill_ult_name_pt.msg, \data\msg\proper_noun_skill_ult_name_pt.msg, 372, Uncompress
server\data\msg\proper_noun_skill_ult_name_ru.msg, \data\msg\proper_noun_skill_ult_name_ru.msg, 373, Uncompress
server\data\msg\proper_noun_skill_ult_name_tw.msg, \data\msg\proper_noun_skill_ult_name_tw.msg, 374, Uncompress
server\data\msg\proper_noun_skill_ult_name_zh.msg, \data\msg\proper_noun_skill_ult_name_zh.msg, 375, Uncompress
server\data\msg\proper_noun_stage_name_ca.msg, \data\msg\proper_noun_stage_name_ca.msg, 376, Uncompress
server\data\msg\proper_noun_stage_name_de.msg, \data\msg\proper_noun_stage_name_de.msg, 377, Uncompress
server\data\msg\proper_noun_stage_name_en.msg, \data\msg\proper_noun_stage_name_en.msg, 378, Uncompress
server\data\msg\proper_noun_stage_name_es.msg, \data\msg\proper_noun_stage_name_es.msg, 379, Uncompress
server\data\msg\proper_noun_stage_name_fr.msg, \data\msg\proper_noun_stage_name_fr.msg, 380, Uncompress
server\data\msg\proper_noun_stage_name_it.msg, \data\msg\proper_noun_stage_name_it.msg, 381, Uncompress
server\data\msg\proper_noun_stage_name_ja.msg, \data\msg\proper_noun_stage_name_ja.msg, 382, Uncompress
server\data\msg\proper_noun_stage_name_kr.msg, \data\msg\proper_noun_stage_name_kr.msg, 383, Uncompress
server\data\msg\proper_noun_stage_name_pt.msg, \data\msg\proper_noun_stage_name_pt.msg, 384, Uncompress
server\data\msg\proper_noun_stage_name_ru.msg, \data\msg\proper_noun_stage_name_ru.msg, 385, Uncompress
server\data\msg\proper_noun_stage_name_tw.msg, \data\msg\proper_noun_stage_name_tw.msg, 386, Uncompress
server\data\msg\proper_noun_stage_name_zh.msg, \data\msg\proper_noun_stage_name_zh.msg, 387, Uncompress
server\data\msg\proper_noun_street_name_one_ca.msg, \data\msg\proper_noun_street_name_one_ca.msg, 388, Uncompress
server\data\msg\proper_noun_street_name_one_de.msg, \data\msg\proper_noun_street_name_one_de.msg, 389, Uncompress
server\data\msg\proper_noun_street_name_one_en.msg, \data\msg\proper_noun_street_name_one_en.msg, 390, Uncompress
server\data\msg\proper_noun_street_name_one_es.msg, \data\msg\proper_noun_street_name_one_es.msg, 391, Uncompress
server\data\msg\proper_noun_street_name_one_fr.msg, \data\msg\proper_noun_street_name_one_fr.msg, 392, Uncompress
server\data\msg\proper_noun_street_name_one_it.msg, \data\msg\proper_noun_street_name_one_it.msg, 393, Uncompress
server\data\msg\proper_noun_street_name_one_ja.msg, \data\msg\proper_noun_street_name_one_ja.msg, 394, Uncompress
server\data\msg\proper_noun_street_name_one_kr.msg, \data\msg\proper_noun_street_name_one_kr.msg, 395, Uncompress
server\data\msg\proper_noun_street_name_one_pt.msg, \data\msg\proper_noun_street_name_one_pt.msg, 396, Uncompress
server\data\msg\proper_noun_street_name_one_ru.msg, \data\msg\proper_noun_street_name_one_ru.msg, 397, Uncompress
server\data\msg\proper_noun_street_name_one_tw.msg, \data\msg\proper_noun_street_name_one_tw.msg, 398, Uncompress
server\data\msg\proper_noun_street_name_one_zh.msg, \data\msg\proper_noun_street_name_one_zh.msg, 399, Uncompress
server\data\msg\proper_noun_street_name_two_ca.msg, \data\msg\proper_noun_street_name_two_ca.msg, 400, Uncompress
server\data\msg\proper_noun_street_name_two_de.msg, \data\msg\proper_noun_street_name_two_de.msg, 401, Uncompress
server\data\msg\proper_noun_street_name_two_en.msg, \data\msg\proper_noun_street_name_two_en.msg, 402, Uncompress
server\data\msg\proper_noun_street_name_two_es.msg, \data\msg\proper_noun_street_name_two_es.msg, 403, Uncompress
server\data\msg\proper_noun_street_name_two_fr.msg, \data\msg\proper_noun_street_name_two_fr.msg, 404, Uncompress
server\data\msg\proper_noun_street_name_two_it.msg, \data\msg\proper_noun_street_name_two_it.msg, 405, Uncompress
server\data\msg\proper_noun_street_name_two_ja.msg, \data\msg\proper_noun_street_name_two_ja.msg, 406, Uncompress
server\data\msg\proper_noun_street_name_two_kr.msg, \data\msg\proper_noun_street_name_two_kr.msg, 407, Uncompress
server\data\msg\proper_noun_street_name_two_pt.msg, \data\msg\proper_noun_street_name_two_pt.msg, 408, Uncompress
server\data\msg\proper_noun_street_name_two_ru.msg, \data\msg\proper_noun_street_name_two_ru.msg, 409, Uncompress
server\data\msg\proper_noun_street_name_two_tw.msg, \data\msg\proper_noun_street_name_two_tw.msg, 410, Uncompress
server\data\msg\proper_noun_street_name_two_zh.msg, \data\msg\proper_noun_street_name_two_zh.msg, 411, Uncompress
server\data\msg\proper_noun_table_info_ca.msg, \data\msg\proper_noun_table_info_ca.msg, 412, Uncompress
server\data\msg\proper_noun_table_info_de.msg, \data\msg\proper_noun_table_info_de.msg, 413, Uncompress
server\data\msg\proper_noun_table_info_en.msg, \data\msg\proper_noun_table_info_en.msg, 414, Uncompress
server\data\msg\proper_noun_table_info_es.msg, \data\msg\proper_noun_table_info_es.msg, 415, Uncompress
server\data\msg\proper_noun_table_info_fr.msg, \data\msg\proper_noun_table_info_fr.msg, 416, Uncompress
server\data\msg\proper_noun_table_info_it.msg, \data\msg\proper_noun_table_info_it.msg, 417, Uncompress
server\data\msg\proper_noun_table_info_ja.msg, \data\msg\proper_noun_table_info_ja.msg, 418, Uncompress
server\data\msg\proper_noun_table_info_kr.msg, \data\msg\proper_noun_table_info_kr.msg, 419, Uncompress
server\data\msg\proper_noun_table_info_pt.msg, \data\msg\proper_noun_table_info_pt.msg, 420, Uncompress
server\data\msg\proper_noun_table_info_ru.msg, \data\msg\proper_noun_table_info_ru.msg, 421, Uncompress
server\data\msg\proper_noun_table_info_tw.msg, \data\msg\proper_noun_table_info_tw.msg, 422, Uncompress
server\data\msg\proper_noun_table_info_zh.msg, \data\msg\proper_noun_table_info_zh.msg, 423, Uncompress
server\data\msg\proper_noun_table_name_ca.msg, \data\msg\proper_noun_table_name_ca.msg, 424, Uncompress
server\data\msg\proper_noun_table_name_de.msg, \data\msg\proper_noun_table_name_de.msg, 425, Uncompress
server\data\msg\proper_noun_table_name_en.msg, \data\msg\proper_noun_table_name_en.msg, 426, Uncompress
server\data\msg\proper_noun_table_name_es.msg, \data\msg\proper_noun_table_name_es.msg, 427, Uncompress
server\data\msg\proper_noun_table_name_fr.msg, \data\msg\proper_noun_table_name_fr.msg, 428, Uncompress
server\data\msg\proper_noun_table_name_it.msg, \data\msg\proper_noun_table_name_it.msg, 429, Uncompress
server\data\msg\proper_noun_table_name_ja.msg, \data\msg\proper_noun_table_name_ja.msg, 430, Uncompress
server\data\msg\proper_noun_table_name_kr.msg, \data\msg\proper_noun_table_name_kr.msg, 431, Uncompress
server\data\msg\proper_noun_table_name_pt.msg, \data\msg\proper_noun_table_name_pt.msg, 432, Uncompress
server\data\msg\proper_noun_table_name_ru.msg, \data\msg\proper_noun_table_name_ru.msg, 433, Uncompress
server\data\msg\proper_noun_table_name_tw.msg, \data\msg\proper_noun_table_name_tw.msg, 434, Uncompress
server\data\msg\proper_noun_table_name_zh.msg, \data\msg\proper_noun_table_name_zh.msg, 435, Uncompress
server\data\msg\proper_noun_talisman_how_ca.msg, \data\msg\proper_noun_talisman_how_ca.msg, 436, Uncompress
server\data\msg\proper_noun_talisman_how_de.msg, \data\msg\proper_noun_talisman_how_de.msg, 437, Uncompress
server\data\msg\proper_noun_talisman_how_en.msg, \data\msg\proper_noun_talisman_how_en.msg, 438, Uncompress
server\data\msg\proper_noun_talisman_how_es.msg, \data\msg\proper_noun_talisman_how_es.msg, 439, Uncompress
server\data\msg\proper_noun_talisman_how_fr.msg, \data\msg\proper_noun_talisman_how_fr.msg, 440, Uncompress
server\data\msg\proper_noun_talisman_how_it.msg, \data\msg\proper_noun_talisman_how_it.msg, 441, Uncompress
server\data\msg\proper_noun_talisman_how_ja.msg, \data\msg\proper_noun_talisman_how_ja.msg, 442, Uncompress
server\data\msg\proper_noun_talisman_how_kr.msg, \data\msg\proper_noun_talisman_how_kr.msg, 443, Uncompress
server\data\msg\proper_noun_talisman_how_pt.msg, \data\msg\proper_noun_talisman_how_pt.msg, 444, Uncompress
server\data\msg\proper_noun_talisman_how_ru.msg, \data\msg\proper_noun_talisman_how_ru.msg, 445, Uncompress
server\data\msg\proper_noun_talisman_how_tw.msg, \data\msg\proper_noun_talisman_how_tw.msg, 446, Uncompress
server\data\msg\proper_noun_talisman_how_zh.msg, \data\msg\proper_noun_talisman_how_zh.msg, 447, Uncompress
server\data\msg\proper_noun_talisman_info_ca.msg, \data\msg\proper_noun_talisman_info_ca.msg, 448, Uncompress
server\data\msg\proper_noun_talisman_info_de.msg, \data\msg\proper_noun_talisman_info_de.msg, 449, Uncompress
server\data\msg\proper_noun_talisman_info_en.msg, \data\msg\proper_noun_talisman_info_en.msg, 450, Uncompress
server\data\msg\proper_noun_talisman_info_es.msg, \data\msg\proper_noun_talisman_info_es.msg, 451, Uncompress
server\data\msg\proper_noun_talisman_info_fr.msg, \data\msg\proper_noun_talisman_info_fr.msg, 452, Uncompress
server\data\msg\proper_noun_talisman_info_it.msg, \data\msg\proper_noun_talisman_info_it.msg, 453, Uncompress
server\data\msg\proper_noun_talisman_info_ja.msg, \data\msg\proper_noun_talisman_info_ja.msg, 454, Uncompress
server\data\msg\proper_noun_talisman_info_kr.msg, \data\msg\proper_noun_talisman_info_kr.msg, 455, Uncompress
server\data\msg\proper_noun_talisman_info_olt_ca.msg, \data\msg\proper_noun_talisman_info_olt_ca.msg, 456, Uncompress
server\data\msg\proper_noun_talisman_info_olt_de.msg, \data\msg\proper_noun_talisman_info_olt_de.msg, 457, Uncompress
server\data\msg\proper_noun_talisman_info_olt_en.msg, \data\msg\proper_noun_talisman_info_olt_en.msg, 458, Uncompress
server\data\msg\proper_noun_talisman_info_olt_es.msg, \data\msg\proper_noun_talisman_info_olt_es.msg, 459, Uncompress
server\data\msg\proper_noun_talisman_info_olt_fr.msg, \data\msg\proper_noun_talisman_info_olt_fr.msg, 460, Uncompress
server\data\msg\proper_noun_talisman_info_olt_it.msg, \data\msg\proper_noun_talisman_info_olt_it.msg, 461, Uncompress
server\data\msg\proper_noun_talisman_info_olt_ja.msg, \data\msg\proper_noun_talisman_info_olt_ja.msg, 462, Uncompress
server\data\msg\proper_noun_talisman_info_olt_kr.msg, \data\msg\proper_noun_talisman_info_olt_kr.msg, 463, Uncompress
server\data\msg\proper_noun_talisman_info_olt_pt.msg, \data\msg\proper_noun_talisman_info_olt_pt.msg, 464, Uncompress
server\data\msg\proper_noun_talisman_info_olt_ru.msg, \data\msg\proper_noun_talisman_info_olt_ru.msg, 465, Uncompress
server\data\msg\proper_noun_talisman_info_olt_tw.msg, \data\msg\proper_noun_talisman_info_olt_tw.msg, 466, Uncompress
server\data\msg\proper_noun_talisman_info_olt_zh.msg, \data\msg\proper_noun_talisman_info_olt_zh.msg, 467, Uncompress
server\data\msg\proper_noun_talisman_info_pt.msg, \data\msg\proper_noun_talisman_info_pt.msg, 468, Uncompress
server\data\msg\proper_noun_talisman_info_ru.msg, \data\msg\proper_noun_talisman_info_ru.msg, 469, Uncompress
server\data\msg\proper_noun_talisman_info_tw.msg, \data\msg\proper_noun_talisman_info_tw.msg, 470, Uncompress
server\data\msg\proper_noun_talisman_info_zh.msg, \data\msg\proper_noun_talisman_info_zh.msg, 471, Uncompress
server\data\msg\proper_noun_talisman_name_ca.msg, \data\msg\proper_noun_talisman_name_ca.msg, 472, Uncompress
server\data\msg\proper_noun_talisman_name_de.msg, \data\msg\proper_noun_talisman_name_de.msg, 473, Uncompress
server\data\msg\proper_noun_talisman_name_en.msg, \data\msg\proper_noun_talisman_name_en.msg, 474, Uncompress
server\data\msg\proper_noun_talisman_name_es.msg, \data\msg\proper_noun_talisman_name_es.msg, 475, Uncompress
server\data\msg\proper_noun_talisman_name_fr.msg, \data\msg\proper_noun_talisman_name_fr.msg, 476, Uncompress
server\data\msg\proper_noun_talisman_name_it.msg, \data\msg\proper_noun_talisman_name_it.msg, 477, Uncompress
server\data\msg\proper_noun_talisman_name_ja.msg, \data\msg\proper_noun_talisman_name_ja.msg, 478, Uncompress
server\data\msg\proper_noun_talisman_name_kr.msg, \data\msg\proper_noun_talisman_name_kr.msg, 479, Uncompress
server\data\msg\proper_noun_talisman_name_pt.msg, \data\msg\proper_noun_talisman_name_pt.msg, 480, Uncompress
server\data\msg\proper_noun_talisman_name_ru.msg, \data\msg\proper_noun_talisman_name_ru.msg, 481, Uncompress
server\data\msg\proper_noun_talisman_name_tw.msg, \data\msg\proper_noun_talisman_name_tw.msg, 482, Uncompress
server\data\msg\proper_noun_talisman_name_zh.msg, \data\msg\proper_noun_talisman_name_zh.msg, 483, Uncompress
server\data\msg\proper_noun_variation_name_ca.msg, \data\msg\proper_noun_variation_name_ca.msg, 484, Uncompress
server\data\msg\proper_noun_variation_name_de.msg, \data\msg\proper_noun_variation_name_de.msg, 485, Uncompress
server\data\msg\proper_noun_variation_name_en.msg, \data\msg\proper_noun_variation_name_en.msg, 486, Uncompress
server\data\msg\proper_noun_variation_name_es.msg, \data\msg\proper_noun_variation_name_es.msg, 487, Uncompress
server\data\msg\proper_noun_variation_name_fr.msg, \data\msg\proper_noun_variation_name_fr.msg, 488, Uncompress
server\data\msg\proper_noun_variation_name_it.msg, \data\msg\proper_noun_variation_name_it.msg, 489, Uncompress
server\data\msg\proper_noun_variation_name_ja.msg, \data\msg\proper_noun_variation_name_ja.msg, 490, Uncompress
server\data\msg\proper_noun_variation_name_kr.msg, \data\msg\proper_noun_variation_name_kr.msg, 491, Uncompress
server\data\msg\proper_noun_variation_name_pt.msg, \data\msg\proper_noun_variation_name_pt.msg, 492, Uncompress
server\data\msg\proper_noun_variation_name_ru.msg, \data\msg\proper_noun_variation_name_ru.msg, 493, Uncompress
server\data\msg\proper_noun_variation_name_tw.msg, \data\msg\proper_noun_variation_name_tw.msg, 494, Uncompress
server\data\msg\proper_noun_variation_name_zh.msg, \data\msg\proper_noun_variation_name_zh.msg, 495, Uncompress
server\data\msg\proper_noun_xv_badge_info_ca.msg, \data\msg\proper_noun_xv_badge_info_ca.msg, 496, Uncompress
server\data\msg\proper_noun_xv_badge_info_de.msg, \data\msg\proper_noun_xv_badge_info_de.msg, 497, Uncompress
server\data\msg\proper_noun_xv_badge_info_en.msg, \data\msg\proper_noun_xv_badge_info_en.msg, 498, Uncompress
server\data\msg\proper_noun_xv_badge_info_es.msg, \data\msg\proper_noun_xv_badge_info_es.msg, 499, Uncompress
server\data\msg\proper_noun_xv_badge_info_fr.msg, \data\msg\proper_noun_xv_badge_info_fr.msg, 500, Uncompress
server\data\msg\proper_noun_xv_badge_info_it.msg, \data\msg\proper_noun_xv_badge_info_it.msg, 501, Uncompress
server\data\msg\proper_noun_xv_badge_info_ja.msg, \data\msg\proper_noun_xv_badge_info_ja.msg, 502, Uncompress
server\data\msg\proper_noun_xv_badge_info_kr.msg, \data\msg\proper_noun_xv_badge_info_kr.msg, 503, Uncompress
server\data\msg\proper_noun_xv_badge_info_pt.msg, \data\msg\proper_noun_xv_badge_info_pt.msg, 504, Uncompress
server\data\msg\proper_noun_xv_badge_info_ru.msg, \data\msg\proper_noun_xv_badge_info_ru.msg, 505, Uncompress
server\data\msg\proper_noun_xv_badge_info_tw.msg, \data\msg\proper_noun_xv_badge_info_tw.msg, 506, Uncompress
server\data\msg\proper_noun_xv_badge_info_zh.msg, \data\msg\proper_noun_xv_badge_info_zh.msg, 507, Uncompress
server\data\msg\proper_noun_xv_badge_name_ca.msg, \data\msg\proper_noun_xv_badge_name_ca.msg, 508, Uncompress
server\data\msg\proper_noun_xv_badge_name_de.msg, \data\msg\proper_noun_xv_badge_name_de.msg, 509, Uncompress
server\data\msg\proper_noun_xv_badge_name_en.msg, \data\msg\proper_noun_xv_badge_name_en.msg, 510, Uncompress
server\data\msg\proper_noun_xv_badge_name_es.msg, \data\msg\proper_noun_xv_badge_name_es.msg, 511, Uncompress
server\data\msg\proper_noun_xv_badge_name_fr.msg, \data\msg\proper_noun_xv_badge_name_fr.msg, 512, Uncompress
server\data\msg\proper_noun_xv_badge_name_it.msg, \data\msg\proper_noun_xv_badge_name_it.msg, 513, Uncompress
server\data\msg\proper_noun_xv_badge_name_ja.msg, \data\msg\proper_noun_xv_badge_name_ja.msg, 514, Uncompress
server\data\msg\proper_noun_xv_badge_name_kr.msg, \data\msg\proper_noun_xv_badge_name_kr.msg, 515, Uncompress
server\data\msg\proper_noun_xv_badge_name_pt.msg, \data\msg\proper_noun_xv_badge_name_pt.msg, 516, Uncompress
server\data\msg\proper_noun_xv_badge_name_ru.msg, \data\msg\proper_noun_xv_badge_name_ru.msg, 517, Uncompress
server\data\msg\proper_noun_xv_badge_name_tw.msg, \data\msg\proper_noun_xv_badge_name_tw.msg, 518, Uncompress
server\data\msg\proper_noun_xv_badge_name_zh.msg, \data\msg\proper_noun_xv_badge_name_zh.msg, 519, Uncompress
server\data\msg\proper_noun_xv_emotion_info_ca.msg, \data\msg\proper_noun_xv_emotion_info_ca.msg, 520, Uncompress
server\data\msg\proper_noun_xv_emotion_info_de.msg, \data\msg\proper_noun_xv_emotion_info_de.msg, 521, Uncompress
server\data\msg\proper_noun_xv_emotion_info_en.msg, \data\msg\proper_noun_xv_emotion_info_en.msg, 522, Uncompress
server\data\msg\proper_noun_xv_emotion_info_es.msg, \data\msg\proper_noun_xv_emotion_info_es.msg, 523, Uncompress
server\data\msg\proper_noun_xv_emotion_info_fr.msg, \data\msg\proper_noun_xv_emotion_info_fr.msg, 524, Uncompress
server\data\msg\proper_noun_xv_emotion_info_it.msg, \data\msg\proper_noun_xv_emotion_info_it.msg, 525, Uncompress
server\data\msg\proper_noun_xv_emotion_info_ja.msg, \data\msg\proper_noun_xv_emotion_info_ja.msg, 526, Uncompress
server\data\msg\proper_noun_xv_emotion_info_kr.msg, \data\msg\proper_noun_xv_emotion_info_kr.msg, 527, Uncompress
server\data\msg\proper_noun_xv_emotion_info_pt.msg, \data\msg\proper_noun_xv_emotion_info_pt.msg, 528, Uncompress
server\data\msg\proper_noun_xv_emotion_info_ru.msg, \data\msg\proper_noun_xv_emotion_info_ru.msg, 529, Uncompress
server\data\msg\proper_noun_xv_emotion_info_tw.msg, \data\msg\proper_noun_xv_emotion_info_tw.msg, 530, Uncompress
server\data\msg\proper_noun_xv_emotion_info_zh.msg, \data\msg\proper_noun_xv_emotion_info_zh.msg, 531, Uncompress
server\data\msg\proper_noun_xv_emotion_name_ca.msg, \data\msg\proper_noun_xv_emotion_name_ca.msg, 532, Uncompress
server\data\msg\proper_noun_xv_emotion_name_de.msg, \data\msg\proper_noun_xv_emotion_name_de.msg, 533, Uncompress
server\data\msg\proper_noun_xv_emotion_name_en.msg, \data\msg\proper_noun_xv_emotion_name_en.msg, 534, Uncompress
server\data\msg\proper_noun_xv_emotion_name_es.msg, \data\msg\proper_noun_xv_emotion_name_es.msg, 535, Uncompress
server\data\msg\proper_noun_xv_emotion_name_fr.msg, \data\msg\proper_noun_xv_emotion_name_fr.msg, 536, Uncompress
server\data\msg\proper_noun_xv_emotion_name_it.msg, \data\msg\proper_noun_xv_emotion_name_it.msg, 537, Uncompress
server\data\msg\proper_noun_xv_emotion_name_ja.msg, \data\msg\proper_noun_xv_emotion_name_ja.msg, 538, Uncompress
server\data\msg\proper_noun_xv_emotion_name_kr.msg, \data\msg\proper_noun_xv_emotion_name_kr.msg, 539, Uncompress
server\data\msg\proper_noun_xv_emotion_name_pt.msg, \data\msg\proper_noun_xv_emotion_name_pt.msg, 540, Uncompress
server\data\msg\proper_noun_xv_emotion_name_ru.msg, \data\msg\proper_noun_xv_emotion_name_ru.msg, 541, Uncompress
server\data\msg\proper_noun_xv_emotion_name_tw.msg, \data\msg\proper_noun_xv_emotion_name_tw.msg, 542, Uncompress
server\data\msg\proper_noun_xv_emotion_name_zh.msg, \data\msg\proper_noun_xv_emotion_name_zh.msg, 543, Uncompress
server\data\quest\CHQ\chq_data.qxd, \data\quest\CHQ\chq_data.qxd, 544, Uncompress
server\data\quest\CHQ\chq_data.qxd.xml, \data\quest\CHQ\chq_data.qxd.xml, 545, Uncompress
server\data\system\AddQuestInfo.aqi, \data\system\AddQuestInfo.aqi, 546, Uncompress
server\data\system\aura_setting.aur, \data\system\aura_setting.aur, 547, Uncompress
server\data\system\aura_setting.aur.xml, \data\system\aura_setting.aur.xml, 548, Uncompress
server\data\system\avatar_growth_data.agd, \data\system\avatar_growth_data.agd, 549, Uncompress
server\data\system\camera.cam, \data\system\camera.cam, 550, Uncompress
server\data\system\CameraLimitValue.cml, \data\system\CameraLimitValue.cml, 551, Uncompress
server\data\system\camera_action_effect.acm, \data\system\camera_action_effect.acm, 552, Uncompress
server\data\system\CharacterLevelupPriceList.clv, \data\system\CharacterLevelupPriceList.clv, 553, Uncompress
server\data\system\chara_body_shape.cbs, \data\system\chara_body_shape.cbs, 554, Uncompress
server\data\system\chara_select_table.cst, \data\system\chara_select_table.cst, 555, Uncompress
server\data\system\chara_select_table.cst.xml, \data\system\chara_select_table.cst.xml, 556, Uncompress
server\data\system\chara_select_table_prb.cst, \data\system\chara_select_table_prb.cst, 557, Uncompress
server\data\system\chara_sound.cso, \data\system\chara_sound.cso, 558, Uncompress
server\data\system\chara_sound.cso.xml, \data\system\chara_sound.cso.xml, 559, Uncompress
server\data\system\char_model_spec.cms, \data\system\char_model_spec.cms, 560, Uncompress
server\data\system\char_model_spec.cms.xml, \data\system\char_model_spec.cms.xml, 561, Uncompress
server\data\system\combination_skill.cnc, \data\system\combination_skill.cnc, 562, Uncompress
server\data\system\combination_skill.cns, \data\system\combination_skill.cns, 563, Uncompress
server\data\system\compress.o2dic, \data\system\compress.o2dic, 564, Uncompress
server\data\system\custom_chara_list.ccl, \data\system\custom_chara_list.ccl, 565, Uncompress
server\data\system\custom_skill.cus, \data\system\custom_skill.cus, 566, Uncompress
server\data\system\custom_skill.cus.xml, \data\system\custom_skill.cus.xml, 567, Uncompress
server\data\system\demo_movie_list.dml, \data\system\demo_movie_list.dml, 568, Uncompress
server\data\system\DifficultyPrice.dip, \data\system\DifficultyPrice.dip, 569, Uncompress
server\data\system\EventShopTbl.est, \data\system\EventShopTbl.est, 570, Uncompress
server\data\system\EventShopTbl_freemium.est, \data\system\EventShopTbl_freemium.est, 571, Uncompress
server\data\system\exclusio_list.esl, \data\system\exclusio_list.esl, 572, Uncompress
server\data\system\FriendshipBattleList.frb, \data\system\FriendshipBattleList.frb, 573, Uncompress
server\data\system\FriendshipLayoutList.fri, \data\system\FriendshipLayoutList.fri, 574, Uncompress
server\data\system\FriendshipNGList.fng, \data\system\FriendshipNGList.fng, 575, Uncompress
server\data\system\gbb_avatar_growth_data.agd, \data\system\gbb_avatar_growth_data.agd, 576, Uncompress
server\data\system\gbb_common_setting.gcs, \data\system\gbb_common_setting.gcs, 577, Uncompress
server\data\system\gbb_level_character_parameter.lcp, \data\system\gbb_level_character_parameter.lcp, 578, Uncompress
server\data\system\gbb_mission_object_break.ob.gms, \data\system\gbb_mission_object_break.ob.gms, 579, Uncompress
server\data\system\gbb_mission_point_data.gmp, \data\system\gbb_mission_point_data.gmp, 580, Uncompress
server\data\system\gbb_mission_point_rally.pr.gms, \data\system\gbb_mission_point_rally.pr.gms, 581, Uncompress
server\data\system\gbb_skill_item_deploy.gsd, \data\system\gbb_skill_item_deploy.gsd, 582, Uncompress
server\data\system\genser.exe, \data\system\genser.exe, 583, Uncompress
server\data\system\level_character_parameter.lcp, \data\system\level_character_parameter.lcp, 584, Uncompress
server\data\system\mix_recipe_list.mid, \data\system\mix_recipe_list.mid, 585, Uncompress
server\data\system\OptionBGMList.obl, \data\system\OptionBGMList.obl, 586, Uncompress
server\data\system\parameter_spec_avater.psa, \data\system\parameter_spec_avater.psa, 587, Uncompress
server\data\system\parameter_spec_char.psc, \data\system\parameter_spec_char.psc, 588, Uncompress
server\data\system\parameter_spec_char.psc.xml, \data\system\parameter_spec_char.psc.xml, 589, Uncompress
server\data\system\pcc_costume_list.pcc, \data\system\pcc_costume_list.pcc, 590, Uncompress
server\data\system\PetList.pel, \data\system\PetList.pel, 591, Uncompress
server\data\system\PetParam.pep, \data\system\PetParam.pep, 592, Uncompress
server\data\system\PetSetting.pet, \data\system\PetSetting.pet, 593, Uncompress
server\data\system\powerup_parameter.pup, \data\system\powerup_parameter.pup, 594, Uncompress
server\data\system\QuestSort.qsf, \data\system\QuestSort.qsf, 595, Uncompress
server\data\system\quest_level_parameter.lcp, \data\system\quest_level_parameter.lcp, 596, Uncompress
server\data\system\random_talk_list.rmt, \data\system\random_talk_list.rmt, 597, Uncompress
server\data\system\RXV.rxv, \data\system\RXV.rxv, 598, Uncompress
server\data\system\setting.stg, \data\system\setting.stg, 599, Uncompress
server\data\system\skill_random_choice.src, \data\system\skill_random_choice.src, 600, Uncompress
server\data\system\special_event_voice.sev, \data\system\special_event_voice.sev, 601, Uncompress
server\data\system\StreetNameParam.snp, \data\system\StreetNameParam.snp, 602, Uncompress
server\data\system\throw_action_branch.tab, \data\system\throw_action_branch.tab, 603, Uncompress
server\data\system\Tutorial.tnn, \data\system\Tutorial.tnn, 604, Uncompress
server\data\system\Tutorial_ttl.tnn, \data\system\Tutorial_ttl.tnn, 605, Uncompress
server\data\system\vs_load_cam.vlc, \data\system\vs_load_cam.vlc, 606, Uncompress
server\data\system\XV2XmlSerializer.exe, \data\system\XV2XmlSerializer.exe, 607, Uncompress
server\data\system\item\accessory_item.idb, \data\system\item\accessory_item.idb, 608, Uncompress
server\data\system\item\battle_item.idb, \data\system\item\battle_item.idb, 609, Uncompress
server\data\system\item\costume_bottom_item.idb, \data\system\item\costume_bottom_item.idb, 610, Uncompress
server\data\system\item\costume_gloves_item.idb, \data\system\item\costume_gloves_item.idb, 611, Uncompress
server\data\system\item\costume_shoes_item.idb, \data\system\item\costume_shoes_item.idb, 612, Uncompress
server\data\system\item\costume_top_item.idb, \data\system\item\costume_top_item.idb, 613, Uncompress
server\data\system\item\extra_item.idb, \data\system\item\extra_item.idb, 614, Uncompress
server\data\system\item\gallery_item.idb, \data\system\item\gallery_item.idb, 615, Uncompress
server\data\system\item\material_item.idb, \data\system\item\material_item.idb, 616, Uncompress
server\data\system\item\pet_item.idb, \data\system\item\pet_item.idb, 617, Uncompress
server\data\system\item\radio_item.idb, \data\system\item\radio_item.idb, 618, Uncompress
server\data\system\item\skill_item.idb, \data\system\item\skill_item.idb, 619, Uncompress
server\data\system\item\talisman_item.idb, \data\system\item\talisman_item.idb, 620, Uncompress
server\data\system\item\xv_badge_item.idb, \data\system\item\xv_badge_item.idb, 621, Uncompress
server\data\system\item\xv_emotion_item.idb, \data\system\item\xv_emotion_item.idb, 622, Uncompress
server\data\ui\texture\CHARA01.emb, \data\ui\texture\CHARA01.emb, 623, Uncompress
server\data\ui\texture\embpack.exe, \data\ui\texture\embpack.exe, 624, Uncompress
server\data\ui\texture\CHARA01\APL_000.dds, \data\ui\texture\CHARA01\APL_000.dds, 625, Uncompress
server\data\ui\texture\CHARA01\APL_001.dds, \data\ui\texture\CHARA01\APL_001.dds, 626, Uncompress
server\data\ui\texture\CHARA01\APL_002.dds, \data\ui\texture\CHARA01\APL_002.dds, 627, Uncompress
server\data\ui\texture\CHARA01\APL_003.dds, \data\ui\texture\CHARA01\APL_003.dds, 628, Uncompress
server\data\ui\texture\CHARA01\APL_004.dds, \data\ui\texture\CHARA01\APL_004.dds, 629, Uncompress
server\data\ui\texture\CHARA01\BAT_000.dds, \data\ui\texture\CHARA01\BAT_000.dds, 630, Uncompress
server\data\ui\texture\CHARA01\BDK_000.dds, \data\ui\texture\CHARA01\BDK_000.dds, 631, Uncompress
server\data\ui\texture\CHARA01\BDK_002.dds, \data\ui\texture\CHARA01\BDK_002.dds, 632, Uncompress
server\data\ui\texture\CHARA01\BDK_003.dds, \data\ui\texture\CHARA01\BDK_003.dds, 633, Uncompress
server\data\ui\texture\CHARA01\BDK_005.dds, \data\ui\texture\CHARA01\BDK_005.dds, 634, Uncompress
server\data\ui\texture\CHARA01\BJK_000.dds, \data\ui\texture\CHARA01\BJK_000.dds, 635, Uncompress
server\data\ui\texture\CHARA01\BLS_000.dds, \data\ui\texture\CHARA01\BLS_000.dds, 636, Uncompress
server\data\ui\texture\CHARA01\BRL_000.dds, \data\ui\texture\CHARA01\BRL_000.dds, 637, Uncompress
server\data\ui\texture\CHARA01\BRL_002_GK2.dds, \data\ui\texture\CHARA01\BRL_002_GK2.dds, 638, Uncompress
server\data\ui\texture\CHARA01\BUL_000.dds, \data\ui\texture\CHARA01\BUL_000.dds, 639, Uncompress
server\data\ui\texture\CHARA01\BUM_000.dds, \data\ui\texture\CHARA01\BUM_000.dds, 640, Uncompress
server\data\ui\texture\CHARA01\BUS_000.dds, \data\ui\texture\CHARA01\BUS_000.dds, 641, Uncompress
server\data\ui\texture\CHARA01\BUS_002_GK2.dds, \data\ui\texture\CHARA01\BUS_002_GK2.dds, 642, Uncompress
server\data\ui\texture\CHARA01\BUU_000.dds, \data\ui\texture\CHARA01\BUU_000.dds, 643, Uncompress
server\data\ui\texture\CHARA01\BUZ_000.dds, \data\ui\texture\CHARA01\BUZ_000.dds, 644, Uncompress
server\data\ui\texture\CHARA01\CAB_000.dds, \data\ui\texture\CHARA01\CAB_000.dds, 645, Uncompress
server\data\ui\texture\CHARA01\CAB_000_SS1.dds, \data\ui\texture\CHARA01\CAB_000_SS1.dds, 646, Uncompress
server\data\ui\texture\CHARA01\CL1_000.dds, \data\ui\texture\CHARA01\CL1_000.dds, 647, Uncompress
server\data\ui\texture\CHARA01\CL2_000.dds, \data\ui\texture\CHARA01\CL2_000.dds, 648, Uncompress
server\data\ui\texture\CHARA01\CL3_000.dds, \data\ui\texture\CHARA01\CL3_000.dds, 649, Uncompress
server\data\ui\texture\CHARA01\CL4_001.dds, \data\ui\texture\CHARA01\CL4_001.dds, 650, Uncompress
server\data\ui\texture\CHARA01\CL4_003_GK2.dds, \data\ui\texture\CHARA01\CL4_003_GK2.dds, 651, Uncompress
server\data\ui\texture\CHARA01\CLJ_000.dds, \data\ui\texture\CHARA01\CLJ_000.dds, 652, Uncompress
server\data\ui\texture\CHARA01\CMP_000.dds, \data\ui\texture\CHARA01\CMP_000.dds, 653, Uncompress
server\data\ui\texture\CHARA01\CO2_000.dds, \data\ui\texture\CHARA01\CO2_000.dds, 654, Uncompress
server\data\ui\texture\CHARA01\COL_000.dds, \data\ui\texture\CHARA01\COL_000.dds, 655, Uncompress
server\data\ui\texture\CHARA01\COL_001.dds, \data\ui\texture\CHARA01\COL_001.dds, 656, Uncompress
server\data\ui\texture\CHARA01\COL_002_GK2.dds, \data\ui\texture\CHARA01\COL_002_GK2.dds, 657, Uncompress
server\data\ui\texture\CHARA01\DBR_000.dds, \data\ui\texture\CHARA01\DBR_000.dds, 658, Uncompress
server\data\ui\texture\CHARA01\DBR_001.dds, \data\ui\texture\CHARA01\DBR_001.dds, 659, Uncompress
server\data\ui\texture\CHARA01\DDR_000.dds, \data\ui\texture\CHARA01\DDR_000.dds, 660, Uncompress
server\data\ui\texture\CHARA01\DMG_000.dds, \data\ui\texture\CHARA01\DMG_000.dds, 661, Uncompress
server\data\ui\texture\CHARA01\EIB_000.dds, \data\ui\texture\CHARA01\EIB_000.dds, 662, Uncompress
server\data\ui\texture\CHARA01\EIG_000.dds, \data\ui\texture\CHARA01\EIG_000.dds, 663, Uncompress
server\data\ui\texture\CHARA01\EIM_000.dds, \data\ui\texture\CHARA01\EIM_000.dds, 664, Uncompress
server\data\ui\texture\CHARA01\EIR_000.dds, \data\ui\texture\CHARA01\EIR_000.dds, 665, Uncompress
server\data\ui\texture\CHARA01\EL0_000.dds, \data\ui\texture\CHARA01\EL0_000.dds, 666, Uncompress
server\data\ui\texture\CHARA01\FBZ_000.dds, \data\ui\texture\CHARA01\FBZ_000.dds, 667, Uncompress
server\data\ui\texture\CHARA01\FIG_000.dds, \data\ui\texture\CHARA01\FIG_000.dds, 668, Uncompress
server\data\ui\texture\CHARA01\FIO_000.dds, \data\ui\texture\CHARA01\FIO_000.dds, 669, Uncompress
server\data\ui\texture\CHARA01\FIO_000_PW1.dds, \data\ui\texture\CHARA01\FIO_000_PW1.dds, 670, Uncompress
server\data\ui\texture\CHARA01\FIT_000.dds, \data\ui\texture\CHARA01\FIT_000.dds, 671, Uncompress
server\data\ui\texture\CHARA01\FIT_000_PW1.dds, \data\ui\texture\CHARA01\FIT_000_PW1.dds, 672, Uncompress
server\data\ui\texture\CHARA01\FOD_000.dds, \data\ui\texture\CHARA01\FOD_000.dds, 673, Uncompress
server\data\ui\texture\CHARA01\FOF_000.dds, \data\ui\texture\CHARA01\FOF_000.dds, 674, Uncompress
server\data\ui\texture\CHARA01\FOK_000.dds, \data\ui\texture\CHARA01\FOK_000.dds, 675, Uncompress
server\data\ui\texture\CHARA01\FOV_000.dds, \data\ui\texture\CHARA01\FOV_000.dds, 676, Uncompress
server\data\ui\texture\CHARA01\FR4_000.dds, \data\ui\texture\CHARA01\FR4_000.dds, 677, Uncompress
server\data\ui\texture\CHARA01\FR5_000.dds, \data\ui\texture\CHARA01\FR5_000.dds, 678, Uncompress
server\data\ui\texture\CHARA01\FRI.dds, \data\ui\texture\CHARA01\FRI.dds, 679, Uncompress
server\data\ui\texture\CHARA01\FRS_000.dds, \data\ui\texture\CHARA01\FRS_000.dds, 680, Uncompress
server\data\ui\texture\CHARA01\FRZ_000.dds, \data\ui\texture\CHARA01\FRZ_000.dds, 681, Uncompress
server\data\ui\texture\CHARA01\FUU_000.dds, \data\ui\texture\CHARA01\FUU_000.dds, 682, Uncompress
server\data\ui\texture\CHARA01\G13_000.dds, \data\ui\texture\CHARA01\G13_000.dds, 683, Uncompress
server\data\ui\texture\CHARA01\G16_000.dds, \data\ui\texture\CHARA01\G16_000.dds, 684, Uncompress
server\data\ui\texture\CHARA01\G17_000.dds, \data\ui\texture\CHARA01\G17_000.dds, 685, Uncompress
server\data\ui\texture\CHARA01\G18_002.dds, \data\ui\texture\CHARA01\G18_002.dds, 686, Uncompress
server\data\ui\texture\CHARA01\GBR_000.dds, \data\ui\texture\CHARA01\GBR_000.dds, 687, Uncompress
server\data\ui\texture\CHARA01\GFR_000.dds, \data\ui\texture\CHARA01\GFR_000.dds, 688, Uncompress
server\data\ui\texture\CHARA01\GFR_001_GK2.dds, \data\ui\texture\CHARA01\GFR_001_GK2.dds, 689, Uncompress
server\data\ui\texture\CHARA01\GG1_000.dds, \data\ui\texture\CHARA01\GG1_000.dds, 690, Uncompress
server\data\ui\texture\CHARA01\GGK_000.dds, \data\ui\texture\CHARA01\GGK_000.dds, 691, Uncompress
server\data\ui\texture\CHARA01\GGT_000.dds, \data\ui\texture\CHARA01\GGT_000.dds, 692, Uncompress
server\data\ui\texture\CHARA01\GHF_000.dds, \data\ui\texture\CHARA01\GHF_000.dds, 693, Uncompress
server\data\ui\texture\CHARA01\GHL_000.dds, \data\ui\texture\CHARA01\GHL_000.dds, 694, Uncompress
server\data\ui\texture\CHARA01\GHL_003.dds, \data\ui\texture\CHARA01\GHL_003.dds, 695, Uncompress
server\data\ui\texture\CHARA01\GHL_005.dds, \data\ui\texture\CHARA01\GHL_005.dds, 696, Uncompress
server\data\ui\texture\CHARA01\GHL_VDL.dds, \data\ui\texture\CHARA01\GHL_VDL.dds, 697, Uncompress
server\data\ui\texture\CHARA01\GHM_000_SS1.dds, \data\ui\texture\CHARA01\GHM_000_SS1.dds, 698, Uncompress
server\data\ui\texture\CHARA01\GHM_000_SS2.dds, \data\ui\texture\CHARA01\GHM_000_SS2.dds, 699, Uncompress
server\data\ui\texture\CHARA01\GHS_004.dds, \data\ui\texture\CHARA01\GHS_004.dds, 700, Uncompress
server\data\ui\texture\CHARA01\GK4_000_SS4.dds, \data\ui\texture\CHARA01\GK4_000_SS4.dds, 701, Uncompress
server\data\ui\texture\CHARA01\GKB_000.dds, \data\ui\texture\CHARA01\GKB_000.dds, 702, Uncompress
server\data\ui\texture\CHARA01\GKG_000.dds, \data\ui\texture\CHARA01\GKG_000.dds, 703, Uncompress
server\data\ui\texture\CHARA01\GKS_000.dds, \data\ui\texture\CHARA01\GKS_000.dds, 704, Uncompress
server\data\ui\texture\CHARA01\GNY_000.dds, \data\ui\texture\CHARA01\GNY_000.dds, 705, Uncompress
server\data\ui\texture\CHARA01\GNY_002.dds, \data\ui\texture\CHARA01\GNY_002.dds, 706, Uncompress
server\data\ui\texture\CHARA01\GOD_000_SSG.dds, \data\ui\texture\CHARA01\GOD_000_SSG.dds, 707, Uncompress
server\data\ui\texture\CHARA01\GOK_000.dds, \data\ui\texture\CHARA01\GOK_000.dds, 708, Uncompress
server\data\ui\texture\CHARA01\GOK_014.dds, \data\ui\texture\CHARA01\GOK_014.dds, 709, Uncompress
server\data\ui\texture\CHARA01\GOK_018.dds, \data\ui\texture\CHARA01\GOK_018.dds, 710, Uncompress
server\data\ui\texture\CHARA01\GOK_031.dds, \data\ui\texture\CHARA01\GOK_031.dds, 711, Uncompress
server\data\ui\texture\CHARA01\GOK_031_SS1.dds, \data\ui\texture\CHARA01\GOK_031_SS1.dds, 712, Uncompress
server\data\ui\texture\CHARA01\GOK_032.dds, \data\ui\texture\CHARA01\GOK_032.dds, 713, Uncompress
server\data\ui\texture\CHARA01\GRD_000.dds, \data\ui\texture\CHARA01\GRD_000.dds, 714, Uncompress
server\data\ui\texture\CHARA01\GTG_000.dds, \data\ui\texture\CHARA01\GTG_000.dds, 715, Uncompress
server\data\ui\texture\CHARA01\GTX_000.dds, \data\ui\texture\CHARA01\GTX_000.dds, 716, Uncompress
server\data\ui\texture\CHARA01\GVG_000.dds, \data\ui\texture\CHARA01\GVG_000.dds, 717, Uncompress
server\data\ui\texture\CHARA01\GVG_001_GK1.dds, \data\ui\texture\CHARA01\GVG_001_GK1.dds, 718, Uncompress
server\data\ui\texture\CHARA01\HIK_000.dds, \data\ui\texture\CHARA01\HIK_000.dds, 719, Uncompress
server\data\ui\texture\CHARA01\HIT_000.dds, \data\ui\texture\CHARA01\HIT_000.dds, 720, Uncompress
server\data\ui\texture\CHARA01\HUF.dds, \data\ui\texture\CHARA01\HUF.dds, 721, Uncompress
server\data\ui\texture\CHARA01\HUM.dds, \data\ui\texture\CHARA01\HUM.dds, 722, Uncompress
server\data\ui\texture\CHARA01\JCO_000.dds, \data\ui\texture\CHARA01\JCO_000.dds, 723, Uncompress
server\data\ui\texture\CHARA01\JES_000.dds, \data\ui\texture\CHARA01\JES_000.dds, 724, Uncompress
server\data\ui\texture\CHARA01\JNB_000.dds, \data\ui\texture\CHARA01\JNB_000.dds, 725, Uncompress
server\data\ui\texture\CHARA01\JNG_000_GK2.dds, \data\ui\texture\CHARA01\JNG_000_GK2.dds, 726, Uncompress
server\data\ui\texture\CHARA01\JRN_000.dds, \data\ui\texture\CHARA01\JRN_000.dds, 727, Uncompress
server\data\ui\texture\CHARA01\KFL_000.dds, \data\ui\texture\CHARA01\KFL_000.dds, 728, Uncompress
server\data\ui\texture\CHARA01\KLL_000.dds, \data\ui\texture\CHARA01\KLL_000.dds, 729, Uncompress
server\data\ui\texture\CHARA01\MAF.dds, \data\ui\texture\CHARA01\MAF.dds, 730, Uncompress
server\data\ui\texture\CHARA01\MAM.dds, \data\ui\texture\CHARA01\MAM.dds, 731, Uncompress
server\data\ui\texture\CHARA01\MIR_000.dds, \data\ui\texture\CHARA01\MIR_000.dds, 732, Uncompress
server\data\ui\texture\CHARA01\MIR_001_GK2.dds, \data\ui\texture\CHARA01\MIR_001_GK2.dds, 733, Uncompress
server\data\ui\texture\CHARA01\MRN_000.dds, \data\ui\texture\CHARA01\MRN_000.dds, 734, Uncompress
server\data\ui\texture\CHARA01\NAP_000.dds, \data\ui\texture\CHARA01\NAP_000.dds, 735, Uncompress
server\data\ui\texture\CHARA01\NI0_000.dds, \data\ui\texture\CHARA01\NI0_000.dds, 736, Uncompress
server\data\ui\texture\CHARA01\NI0_000_GK.dds, \data\ui\texture\CHARA01\NI0_000_GK.dds, 737, Uncompress
server\data\ui\texture\CHARA01\NI1_000.dds, \data\ui\texture\CHARA01\NI1_000.dds, 738, Uncompress
server\data\ui\texture\CHARA01\NI2_000.dds, \data\ui\texture\CHARA01\NI2_000.dds, 739, Uncompress
server\data\ui\texture\CHARA01\NIL_000.dds, \data\ui\texture\CHARA01\NIL_000.dds, 740, Uncompress
server\data\ui\texture\CHARA01\NMC.dds, \data\ui\texture\CHARA01\NMC.dds, 741, Uncompress
server\data\ui\texture\CHARA01\OBB_000.dds, \data\ui\texture\CHARA01\OBB_000.dds, 742, Uncompress
server\data\ui\texture\CHARA01\OSB_000.dds, \data\ui\texture\CHARA01\OSB_000.dds, 743, Uncompress
server\data\ui\texture\CHARA01\OSN_000.dds, \data\ui\texture\CHARA01\OSN_000.dds, 744, Uncompress
server\data\ui\texture\CHARA01\OSV_000.dds, \data\ui\texture\CHARA01\OSV_000.dds, 745, Uncompress
server\data\ui\texture\CHARA01\PAN_000.dds, \data\ui\texture\CHARA01\PAN_000.dds, 746, Uncompress
server\data\ui\texture\CHARA01\PIC_000.dds, \data\ui\texture\CHARA01\PIC_000.dds, 747, Uncompress
server\data\ui\texture\CHARA01\R17_000.dds, \data\ui\texture\CHARA01\R17_000.dds, 748, Uncompress
server\data\ui\texture\CHARA01\RAD_000.dds, \data\ui\texture\CHARA01\RAD_000.dds, 749, Uncompress
server\data\ui\texture\CHARA01\RCM_000.dds, \data\ui\texture\CHARA01\RCM_000.dds, 750, Uncompress
server\data\ui\texture\CHARA01\ROK_000.dds, \data\ui\texture\CHARA01\ROK_000.dds, 751, Uncompress
server\data\ui\texture\CHARA01\RSB_000.dds, \data\ui\texture\CHARA01\RSB_000.dds, 752, Uncompress
server\data\ui\texture\CHARA01\RSB_001.dds, \data\ui\texture\CHARA01\RSB_001.dds, 753, Uncompress
server\data\ui\texture\CHARA01\RSB_002.dds, \data\ui\texture\CHARA01\RSB_002.dds, 754, Uncompress
server\data\ui\texture\CHARA01\RSB_003.dds, \data\ui\texture\CHARA01\RSB_003.dds, 755, Uncompress
server\data\ui\texture\CHARA01\S17_000.dds, \data\ui\texture\CHARA01\S17_000.dds, 756, Uncompress
server\data\ui\texture\CHARA01\SB2_000.dds, \data\ui\texture\CHARA01\SB2_000.dds, 757, Uncompress
server\data\ui\texture\CHARA01\SBM_000.dds, \data\ui\texture\CHARA01\SBM_000.dds, 758, Uncompress
server\data\ui\texture\CHARA01\SBM_001.dds, \data\ui\texture\CHARA01\SBM_001.dds, 759, Uncompress
server\data\ui\texture\CHARA01\SBM_002.dds, \data\ui\texture\CHARA01\SBM_002.dds, 760, Uncompress
server\data\ui\texture\CHARA01\SBM_003.dds, \data\ui\texture\CHARA01\SBM_003.dds, 761, Uncompress
server\data\ui\texture\CHARA01\SBM_004.dds, \data\ui\texture\CHARA01\SBM_004.dds, 762, Uncompress
server\data\ui\texture\CHARA01\SBM_005.dds, \data\ui\texture\CHARA01\SBM_005.dds, 763, Uncompress
server\data\ui\texture\CHARA01\SD1_000.dds, \data\ui\texture\CHARA01\SD1_000.dds, 764, Uncompress
server\data\ui\texture\CHARA01\SD1_001_GK2.dds, \data\ui\texture\CHARA01\SD1_001_GK2.dds, 765, Uncompress
server\data\ui\texture\CHARA01\SD3_000.dds, \data\ui\texture\CHARA01\SD3_000.dds, 766, Uncompress
server\data\ui\texture\CHARA01\SD4_000.dds, \data\ui\texture\CHARA01\SD4_000.dds, 767, Uncompress
server\data\ui\texture\CHARA01\SIG_000.dds, \data\ui\texture\CHARA01\SIG_000.dds, 768, Uncompress
server\data\ui\texture\CHARA01\SIM_000.dds, \data\ui\texture\CHARA01\SIM_000.dds, 769, Uncompress
server\data\ui\texture\CHARA01\SIO_000.dds, \data\ui\texture\CHARA01\SIO_000.dds, 770, Uncompress
server\data\ui\texture\CHARA01\SIP_000.dds, \data\ui\texture\CHARA01\SIP_000.dds, 771, Uncompress
server\data\ui\texture\CHARA01\SLG_000.dds, \data\ui\texture\CHARA01\SLG_000.dds, 772, Uncompress
server\data\ui\texture\CHARA01\STD_000_KY1.dds, \data\ui\texture\CHARA01\STD_000_KY1.dds, 773, Uncompress
server\data\ui\texture\CHARA01\STN_001.dds, \data\ui\texture\CHARA01\STN_001.dds, 774, Uncompress
server\data\ui\texture\CHARA01\SVE_000.dds, \data\ui\texture\CHARA01\SVE_000.dds, 775, Uncompress
server\data\ui\texture\CHARA01\SVV_000.dds, \data\ui\texture\CHARA01\SVV_000.dds, 776, Uncompress
server\data\ui\texture\CHARA01\SYF.dds, \data\ui\texture\CHARA01\SYF.dds, 777, Uncompress
server\data\ui\texture\CHARA01\SYM.dds, \data\ui\texture\CHARA01\SYM.dds, 778, Uncompress
server\data\ui\texture\CHARA01\TE0_000.dds, \data\ui\texture\CHARA01\TE0_000.dds, 779, Uncompress
server\data\ui\texture\CHARA01\TE1_000.dds, \data\ui\texture\CHARA01\TE1_000.dds, 780, Uncompress
server\data\ui\texture\CHARA01\THC_000.dds, \data\ui\texture\CHARA01\THC_000.dds, 781, Uncompress
server\data\ui\texture\CHARA01\THG_000.dds, \data\ui\texture\CHARA01\THG_000.dds, 782, Uncompress
server\data\ui\texture\CHARA01\THJ_000.dds, \data\ui\texture\CHARA01\THJ_000.dds, 783, Uncompress
server\data\ui\texture\CHARA01\THK_000.dds, \data\ui\texture\CHARA01\THK_000.dds, 784, Uncompress
server\data\ui\texture\CHARA01\TLS_000.dds, \data\ui\texture\CHARA01\TLS_000.dds, 785, Uncompress
server\data\ui\texture\CHARA01\TM0_000.dds, \data\ui\texture\CHARA01\TM0_000.dds, 786, Uncompress
server\data\ui\texture\CHARA01\TM1_000.dds, \data\ui\texture\CHARA01\TM1_000.dds, 787, Uncompress
server\data\ui\texture\CHARA01\TOK_000.dds, \data\ui\texture\CHARA01\TOK_000.dds, 788, Uncompress
server\data\ui\texture\CHARA01\TOW_000.dds, \data\ui\texture\CHARA01\TOW_000.dds, 789, Uncompress
server\data\ui\texture\CHARA01\TOW_010.dds, \data\ui\texture\CHARA01\TOW_010.dds, 790, Uncompress
server\data\ui\texture\CHARA01\TPO_000.dds, \data\ui\texture\CHARA01\TPO_000.dds, 791, Uncompress
server\data\ui\texture\CHARA01\TRF_000.dds, \data\ui\texture\CHARA01\TRF_000.dds, 792, Uncompress
server\data\ui\texture\CHARA01\TRS_000.dds, \data\ui\texture\CHARA01\TRS_000.dds, 793, Uncompress
server\data\ui\texture\CHARA01\TRX_000.dds, \data\ui\texture\CHARA01\TRX_000.dds, 794, Uncompress
server\data\ui\texture\CHARA01\TRX_002.dds, \data\ui\texture\CHARA01\TRX_002.dds, 795, Uncompress
server\data\ui\texture\CHARA01\TRX_004.dds, \data\ui\texture\CHARA01\TRX_004.dds, 796, Uncompress
server\data\ui\texture\CHARA01\TSH_000.dds, \data\ui\texture\CHARA01\TSH_000.dds, 797, Uncompress
server\data\ui\texture\CHARA01\TWP_000.dds, \data\ui\texture\CHARA01\TWP_000.dds, 798, Uncompress
server\data\ui\texture\CHARA01\TWT_000.dds, \data\ui\texture\CHARA01\TWT_000.dds, 799, Uncompress
server\data\ui\texture\CHARA01\TWT_000_GK1.dds, \data\ui\texture\CHARA01\TWT_000_GK1.dds, 800, Uncompress
server\data\ui\texture\CHARA01\VDL_000.dds, \data\ui\texture\CHARA01\VDL_000.dds, 801, Uncompress
server\data\ui\texture\CHARA01\VDL_004.dds, \data\ui\texture\CHARA01\VDL_004.dds, 802, Uncompress
server\data\ui\texture\CHARA01\VDS_000.dds, \data\ui\texture\CHARA01\VDS_000.dds, 803, Uncompress
server\data\ui\texture\CHARA01\VG4_000_SS4.dds, \data\ui\texture\CHARA01\VG4_000_SS4.dds, 804, Uncompress
server\data\ui\texture\CHARA01\VGT_000.dds, \data\ui\texture\CHARA01\VGT_000.dds, 805, Uncompress
server\data\ui\texture\CHARA01\VGT_008.dds, \data\ui\texture\CHARA01\VGT_008.dds, 806, Uncompress
server\data\ui\texture\CHARA01\VGT_014_SS1.dds, \data\ui\texture\CHARA01\VGT_014_SS1.dds, 807, Uncompress
server\data\ui\texture\CHARA01\VGT_016.dds, \data\ui\texture\CHARA01\VGT_016.dds, 808, Uncompress
server\data\ui\texture\CHARA01\VGT_016_SS1.dds, \data\ui\texture\CHARA01\VGT_016_SS1.dds, 809, Uncompress
server\data\ui\texture\CHARA01\VGT_030.dds, \data\ui\texture\CHARA01\VGT_030.dds, 810, Uncompress
server\data\ui\texture\CHARA01\VGT_030_SS1.dds, \data\ui\texture\CHARA01\VGT_030_SS1.dds, 811, Uncompress
server\data\ui\texture\CHARA01\VTB_000.dds, \data\ui\texture\CHARA01\VTB_000.dds, 812, Uncompress
server\data\ui\texture\CHARA01\VTO_000.dds, \data\ui\texture\CHARA01\VTO_000.dds, 813, Uncompress
server\data\ui\texture\CHARA01\WIS_000.dds, \data\ui\texture\CHARA01\WIS_000.dds, 814, Uncompress
server\data\ui\texture\CHARA01\YMC_000.dds, \data\ui\texture\CHARA01\YMC_000.dds, 815, Uncompress
server\data\ui\texture\CHARA01\YMC_002_GK2.dds, \data\ui\texture\CHARA01\YMC_002_GK2.dds, 816, Uncompress
server\data\ui\texture\CHARA01\ZBN_000.dds, \data\ui\texture\CHARA01\ZBN_000.dds, 817, Uncompress
server\data\ui\texture\CHARA01\ZMD_000.dds, \data\ui\texture\CHARA01\ZMD_000.dds, 818, Uncompress
server\data\ui\texture\CHARA01\ZMG_000.dds, \data\ui\texture\CHARA01\ZMG_000.dds, 819, Uncompress
server\data\ui\texture\CHARA01\ZMS_000.dds, \data\ui\texture\CHARA01\ZMS_000.dds, 820, Uncompress
server\data2\config.dat, \data2\config.dat, 821, Uncompress
